["New York, NY
", "Los Angeles, CA
", "Chicago, IL
", "Houston, TX
", "Phoenix, AZ
", "Philadelphia, PA
", "San Antonio, TX
", "Dallas, TX
", "San Diego, CA
", "San Jose, CA
", "Detroit, MI
", "San Francisco, CA
", "Jacksonville, FL
", "Indianapoli, IN
", "Austin, TX
", "Columbus, OH
", "Fort Worth, TX
", "Charlotte, NC
", "Memphis, TN
", "Baltimore, MD
", "El Paso, TX
", "Boston, MA
", "Milwaukee, WI
", "Denver, CO
", "Seattle, WA
", "Nashvill, TN
", "Washington, DC
", "Las Vegas, NV
", "Portland, OR
", "Louisvill, KY
", "Oklahoma City, OK
", "Tucson, AZ
", "Atlanta, GA
", "Albuquerque, NM
", "Fresno, CA
", "Sacramento, CA
", "Long Beach, CA
", "Mesa, AZ
", "Kansas City, MO
", "Omaha, NE
", "Cleveland, OH
", "Virginia Beach, VA
", "Miami, FL
", "Oakland, CA
", "Raleigh, NC
", "Tulsa, OK
", "Minneapolis, MN
", "Colorado Springs, CO
", "Honolul, HI
", "Arlington, TX
", "Wichita, KS
", "St. Louis, MO
", "Tampa, FL
", "Santa Ana, CA
", "Anaheim, CA
", "Cincinnati, OH
", "Bakersfield, CA
", "Aurora, CO
", "New Orleans, LA
", "Pittsburgh, PA
", "Riverside, CA
", "Toledo, OH
", "Stockton, CA
", "Corpus Christi, TX
", "Lexingto, KY
", "St. Paul, MN
", "Anchorag, AK
", "Newark, NJ
", "Buffalo, NY
", "Plano, TX
", "Henderson, NV
", "Lincoln, NE
", "Fort Wayne, IN
", "Glendale, AZ
", "Greensboro, NC
", "Chandler, AZ
", "St. Petersburg, FL
", "Jersey City, NJ
", "Scottsdale, AZ
", "Norfolk, VA
", "Madison, WI
", "Orlando, FL
", "Birmingham, AL
", "Baton Rouge, LA
", "Durham, NC
", "Laredo, TX
", "Lubbock, TX
", "Chesapeake, VA
", "Chula Vista, CA
", "Garland, TX
", "Winston-Salem, NC
", "North Las Vegas, NV
", "Reno, NV
", "Gilber, AZ
", "Hialeah, FL
", "Arlingto, VA
", "Akron, OH
", "Irvine, CA
", "Rochester, NY
", "Boise City, ID
", "Modesto, CA
", "Fremont, CA
", "Montgomery, AL
", "Spokane, WA
", "Richmond, VA
", "Yonkers, NY
", "Irving, TX
", "Shreveport, LA
", "San Bernardino, CA
", "Tacoma, WA
", "Glendale, CA
", "Des Moines, IA
", "August, GA
", "Grand Rapids, MI
", "Huntington Beach, CA
", "Mobile, AL
", "Moreno Valley, CA
", "Little Rock, AR
", "Amarillo, TX
", "Columbus, GA
", "Oxnard, CA
", "Fontana, CA
", "Knoxville, TN
", "Fort Lauderdale, FL
", "Salt Lake City, UT
", "Newport News, VA
", "Huntsville, AL
", "Tempe, AZ
", "Brownsville, TX
", "Worcester, MA
", "Fayetteville, NC
", "Jackson, MS
", "Tallahassee, FL
", "Aurora, IL
", "Ontario, CA
", "Providence, RI
", "Overland Park, KS
", "Rancho Cucamonga, CA
", "Chattanooga, TN
", "Oceanside, CA
", "Santa Clarita, CA
", "Garden Grove, CA
", "Vancouver, WA
", "Grand Prairie, TX
", "Peoria, AZ
", "Rockford, IL
", "Cape Coral, FL
", "Springfield, MO
", "Santa Rosa, CA
", "Sioux Falls, SD
", "Port St. Lucie, FL
", "Dayton, OH
", "Salem, OR
", "Pomona, CA
", "Springfield, MA
", "Eugene, OR
", "Corona, CA
", "Pasadena, TX
", "Joliet, IL
", "Pembroke Pines, FL
", "Paterson, NJ
", "Hampton, VA
", "Lancaster, CA
", "Alexandria, VA
", "Salinas, CA
", "Palmdale, CA
", "Naperville, IL
", "Pasadena, CA
", "Kansas City, KS
", "Hayward, CA
", "Hollywood, FL
", "Lakewood, CO
", "Torrance, CA
", "Syracuse, NY
", "Escondido, CA
", "Fort Collins, CO
", "Bridgeport, CT
", "Orange, CA
", "Warren, MI
", "Elk Grove, CA
", "Savannah, GA
", "Mesquite, TX
", "Sunnyvale, CA
", "Fullerton, CA
", "McAllen, TX
", "Car, NC
", "Cedar Rapids, IA
", "Sterling Heights, MI
", "Columbia, SC
", "Coral Springs, FL
", "Carrollton, TX
", "Elizabeth, NJ
", "Hartford, CT
", "Waco, TX
", "Bellevue, WA
", "New Haven, CT
", "West Valley City, UT
", "Topeka, KS
", "Thousand Oaks, CA
", "El Monte, CA
", "McKinney, TX
", "Concord, CA
", "Visalia, CA
", "Simi Valley, CA
", "Olathe, KS
", "Clarksville, TN
", "Denton, TX
", "Stamford, CT
", "Provo, UT
", "Springfield, IL
", "Killeen, TX
", "Abilene, TX
", "Evansville, IN
", "Gainesville, FL
", "Vallejo, CA
", "Ann Arbor, MI
", "Peoria, IL
", "Lansing, MI
", "Lafayette, LA
", "Thornton, CO
", "Athen, GA
", "Flint, MI
", "Inglewood, CA
", "Roseville, CA
", "Charleston, SC
", "Beaumont, TX
", "Independence, MO
", "Victorville, CA
", "Santa Clara, CA
", "Costa Mesa, CA
", "Miami Gardens, FL
", "Manchester, NH
", "Miramar, FL
", "Downey, CA
", "Arvada, CO
", "Allentown, PA
", "Westminster, CO
", "Waterbury, CT
", "Norman, OK
", "Midland, TX
", "Elgin, IL
", "West Covina, CA
", "Clearwater, FL
", "Cambridge, MA
", "Pueblo, CO
", "West Jordan, UT
", "Round Rock, TX
", "Billings, MT
", "Erie, PA
", "South Bend, IN
", "Ventur, CA
", "Fairfield, CA
", "Lowell, MA
", "Norwalk, CA
", "Burbank, CA
", "Richmond, CA
", "Pompano Beach, FL
", "High Point, NC
", "Murfreesboro, TN
", "Lewisville, TX
", "Richardson, TX
", "Daly City, CA
", "Berkeley, CA
", "Gresham, OR
", "Wichita Falls, TX
", "Green Bay, WI
", "Davenport, IA
", "Palm Bay, FL
", "Columbia, MO
", "Portsmouth, VA
", "Rochester, MN
", "Antioch, CA
", "Wilmington, NC
", "Centennial, CO
", "Odessa, TX
", "West Palm Beach, FL
", "Rialto, CA
", "Everett, WA
", "Murrieta, CA
", "Tyler, TX
", "Temecula, CA
", "Kenosha, WI
", "Frisco, TX
", "Sandy, UT
", "South Gate, CA
", "Carlsbad, CA
", "Gary, IN
", "Mission Viejo, CA
", "North Charleston, SC
", "Boulder, CO
", "Compton, CA
", "Hillsboro, OR
", "Albany, NY
", "Fargo, ND
", "Lakeland, FL
", "Orem, UT
", "Brockton, MA
", "Roanoke, VA
", "Broken Arrow, OK
", "Surprise, AZ
", "Macon, GA
", "El Cajon, CA
", "Carson, CA
", "Quincy, MA
", "Clovis, CA
", "San Mateo, CA
", "Vacaville, CA
", "San Angelo, TX
", "Las Cruces, NM
", "Beaverton, OR
", "Greeley, CO
", "New Bedford, MA
", "Livonia, MI
", "Vista, CA
", "Fall River, MA
", "Waukegan, IL
", "Lawrence, KS
", "Davi, FL
", "Tuscaloosa, AL
", "Redding, CA
", "Lawton, OK
", "Yuma, AZ
", "Sunrise, FL
", "Westminster, CA
", "Sparks, NV
", "Santa Monica, CA
", "Roswell, GA
", "Lynn, MA
", "Nashua, NH
", "Dearborn, MI
", "Santa Maria, CA
", "Spokane Valley, WA
", "Santa Barbara, CA
", "Alhambra, CA
", "Longmont, CO
", "Hesperia, CA
", "Boca Raton, FL
", "Fort Smith, AR
", "Miami Beach, FL
", "Warwick, RI
", "Indio, CA
", "Citrus Heights, CA
", "Deltona, FL
", "Federal Way, WA
", "Hawthorne, CA
", "Duluth, MN
", "Lee's Summit, MO
", "College Station, TX
", "Yakima, WA
", "Kent, WA
", "Chico, CA
", "Plantation, FL
", "Norwalk, CT
", "Chino, CA
", "Pearland, TX
", "Trenton, NJ
", "Ogden, UT
", "Sioux City, IA
", "Sandy Springs, GA
", "Suffolk, VA
", "Whittier, CA
", "Racine, WI
", "Newton, MA
", "Avondale, AZ
", "Bloomington, MN
", "Allen, TX
", "Sugar Land, TX
", "Reading, PA
", "Cicer, IL
", "Nampa, ID
", "Troy, MI
", "Livermore, CA
", "Cranston, RI
", "Newport Beach, CA
", "Rio Rancho, NM
", "Greenville, NC
", "Edmond, OK
", "Champaign, IL
", "Camden, NJ
", "Buena Park, CA
", "Danbury, CT
", "Tracy, CA
", "San Marcos, CA
", "Westland, MI
", "Bellingham, WA
", "Farmington Hills, MI
", "Lakewood, CA
", "Canton, OH
", "Clifton, NJ
", "Parma, OH
", "San Leandro, CA
", "Evanston, IL
", "Baldwin Park, CA
", "Melbourne, FL
", "Longview, TX
", "Bend, OR
", "Merced, CA
", "O'Fallon, MO
", "Hammond, IN
", "Decatur, IL
", "Jacksonville, NC
", "St. Joseph, MO
", "Albany, GA
", "Somerville, MA
", "Lake Forest, CA
", "Southfield, MI
", "Missouri City, TX
", "Deerfield Beach, FL
", "Napa, CA
", "Asheville, NC
", "New Rochelle, NY
", "Redwood City, CA
", "Chino Hills, CA
", "Arlington Height, IL
", "Fayetteville, AR
", "Medford, OR
", "Bellflower, CA
", "Bloomington, IL
", "Youngstown, OH
", "Largo, FL
", "St. George, UT
", "Lynchburg, VA
", "Wilmington, DE
", "Gastonia, NC
", "Bryan, TX
", "Palm Coast, FL
", "Bethlehem, PA
", "Scranton, PA
", "Kalamazoo, MI
", "Union City, CA
", "Upland, CA
", "Santa Fe, NM
", "Bloomington, IN
", "Tustin, CA
", "Pawtucket, RI
", "Schaumbur, IL
", "Edinburg, TX
", "Plymouth, MN
", "Mountain View, CA
", "Brooklyn Park, MN
", "League City, TX
", "Lake Charles, LA
", "Hoover, AL
", "Hemet, CA
", "Bolingbroo, IL
", "Alameda, CA
", "New Britain, CT
", "Wyoming, MI
", "Baytown, TX
", "Appleton, WI
", "Lorain, OH
", "Apple Valle, CA
", "Gulfport, MS
", "Lynwood, CA
", "Lawrence, MA
", "Redlands, CA
", "Flower Moun, TX
", "Rochester Hills, MI
", "Fisher, IN
", "Mount Vernon, NY
", "Turlock, CA
", "Boynton Beach, FL
", "Missoula, MT
", "Springdale, AR
", "Waukesha, WI
", "Iowa City, IA
", "Folsom, CA
", "Marietta, GA
", "Milpitas, CA
", "Rock Hill, SC
", "Mission, TX
", "Palatin, IL
", "Lauderhill, FL
", "St. Cloud, MN
", "Kenner, LA
", "Meridian, ID
", "Passaic, NJ
", "Redondo Beach, CA
", "Pleasanton, CA
", "Carmel, IN
", "Waterloo, IA
", "Skoki, IL
", "Dothan, AL
", "Concord, NC
", "Pontiac, MI
", "Yorba Linda, CA
", "Loveland, CO
", "Layton, UT
", "Rapid City, SD
", "Mount Pleasan, SC
", "Eau Claire, WI
", "Fort Myers, FL
", "East Orange, NJ
", "Pharr, TX
", "North Richland Hills, TX
", "Manteca, CA
", "Muncie, IN
", "Harlingen, TX
", "Laguna Niguel, CA
", "St. Charles, MO
", "Daytona Beach, FL
", "Pittsburg, CA
", "Delray Beach, FL
", "Lafayette, IN
", "Eagan, MN
", "Jonesboro, AR
", "Oshkosh, WI
", "Weston, FL
", "Walnut Creek, CA
", "Camarillo, CA
", "Kennewick, WA
", "Jackson, TN
", "Pico Rivera, CA
", "Davis, CA
", "Portland, ME
", "Victoria, TX
", "Janesville, WI
", "South San Francisco, CA
", "Hamilton, OH
", "Bossier City, LA
", "Cedar Park, TX
", "Kissimmee, FL
", "Springfield, OH
", "Renton, WA
", "Rancho Cordova, CA
", "Union City, NJ
", "Johnson City, TN
", "Montebello, CA
", "Coon Rapids, MN
", "Maple Grove, MN
", "San Clemente, CA
", "Warner Robins, GA
", "Lodi, CA
", "Haverhill, MA
", "Monterey Park, CA
", "Yuba City, CA
", "Eden Prairie, MN
", "Schenectady, NY
", "Shawnee, KS
", "Bristol, CT
", "Huntington Park, CA
", "Rockville, MD
", "Taylor, MI
", "Bismarck, ND
", "Encinitas, CA
", "St. Clair Shores, MI
", "Waltham, MA
", "Flagstaff, AZ
", "Revere, MA
", "Terre Haute, IN
", "Greenville, SC
", "Temple, TX
", "Council Bluffs, IA
", "Goodyear, AZ
", "Johns Creek, GA
", "North Little Rock, AR
", "West Allis, WI
", "Palo Alto, CA
", "Tamarac, FL
", "Great Falls, MT
", "Frederick, MD
", "Tinley Par, IL
", "Meriden, CT
", "La Habra, CA
", "Burnsville, MN
", "Taylorsville, UT
", "Vineland, NJ
", "Gaithersburg, MD
", "National City, CA
", "Gardena, CA
", "Franklin, TN
", "Utica, NY
", "Homestead, FL
", "Conway, AR
", "Bayonne, NJ
", "White Plains, NY
", "Anderson, IN
", "Dubuque, IA
", "Diamond Bar, CA
", "Springfield, OR
", "Royal Oak, MI
", "Galveston, TX
", "Des Plaines, IL
", "Rocky Mount, NC
", "Lakewood, WA
", "Cheyenne, WY
", "Rogers, AR
", "Madera, CA
", "Tulare, CA
", "Lake Havasu City, AZ
", "Ames, IA
", "Midwest City, OK
", "Arcadia, CA
", "Woodbury, MN
", "Santa Cruz, CA
", "Auburn, AL
", "Decatur, AL
", "Port Arthur, TX
", "North Miami, FL
", "Rowlett, TX
", "Taunton, MA
", "Blue Springs, MO
", "Perris, CA
", "Saginaw, MI
", "San Rafael, CA
", "Malden, MA
", "Medford, MA
", "Fountain Valley, CA
", "Owensboro, KY
", "Orland Par, IL
", "St. Peters, MO
", "Conroe, TX
", "Auburn, WA
", "West Des Moines, IA
", "Pasco, WA
", "Paramount, CA
", "Bowling Green, KY
", "Blaine, MN
", "Elyria, OH
", "Chicopee, MA
", "North Port, FL
", "Pocatello, ID
", "Carson Cit, NV
", "Broomfield, CO
", "Ocala, FL
", "La Mesa, CA
", "Petaluma, CA
", "Lancaster, PA
", "Port Orange, FL
", "Woodland, CA
", "Lakeville, MN
", "Wellingto, FL
", "Wheaton, IL
", "Rosemead, CA
", "Idaho Falls, ID
", "Milford, CT
", "Margate, FL
", "Novi, MI
", "Casper, WY
", "Hempstea, NY
", "Santee, CA
", "Pensacola, FL
", "Kettering, OH
", "Hoffman Estate, IL
", "Cupertino, CA
", "New Braunfels, TX
", "Bradenton, FL
", "Mount Prospec, IL
", "Oak Law, IL
", "Delano, CA
", "San Marcos, TX
", "Rocklin, CA
", "Novato, CA
", "Elkhart, IN
", "Moore, OK
", "Euless, TX
", "Bowie, MD
", "Chapel Hil, NC
", "West Haven, CT
", "Sarasota, FL
", "Manhattan, KS
", "Cathedral City, CA
", "Norma, IL
", "Battle Creek, MI
", "Shoreline, WA
", "Hattiesburg, MS
", "Dearborn Heights, MI
", "Porterville, CA
", "Mentor, OH
", "Middletown, OH
", "Niagara Falls, NY
", "Peabody, MA
", "Cerritos, CA
", "Grand Forks, ND
", "Monroe, LA
", "New Brunswick, NJ
", "South Jordan, UT
", "Corvallis, OR
", "Highland, CA
", "Cuyahoga Falls, OH
", "Lake Elsinore, CA
", "La Crosse, WI
", "Palm Desert, CA
", "Burlington, NC
", "Lakewood, OH
", "Sanford, FL
", "Florissant, MO
", "Colton, CA
", "Grapevine, TX
", "Watsonville, CA
", "Coconut Creek, FL
", "Pine Bluff, AR
", "Charleston, WV
", "Hanford, CA
", "Minnetonka, MN
", "Mishawaka, IN
", "Apple Valley, MN
", "Gilroy, CA
", "Berwyn, IL
", "Alpharetta, GA
", "Smyrna, GA
", "La Mirada, CA
", "Joplin, MO
", "Yucaipa, CA
", "Bellevue, NE
", "Placentia, CA
", "Grand Junction, CO
", "Georgetown, TX
", "Rancho Santa Margarita, CA
", "Mansfield, OH
", "Oak Par, IL
", "Redmond, WA
", "Brentwood, CA
", "Glendora, CA
", "Downers Grov, IL
", "Palm Beach Gardens, FL
", "Huntington, WV
", "San Ramon, CA
", "Bedford, TX
", "Jupite, FL
", "Poway, CA
", "Perth Amboy, NJ
", "Tigard, OR
", "Logan, UT
", "Alexandria, LA
", "Valdosta, GA
", "East Providence, RI
", "Wilson, NC
", "Albany, OR
", "Middletown, CT
", "Palm Springs, CA
", "Sheboygan, WI
", "Hendersonville, TN
", "Greenwood, IN
", "Stillwater, OK
", "DeSoto, TX
", "West Sacramento, CA
", "Bartlett, TN
", "Troy, NY
", "Kentwood, MI
", "Euclid, OH
", "Enid, OK
", "Kirkland, WA
", "Buckey, AZ
", "Newark, OH
", "Pinellas Park, FL
", "Harrisburg, PA
", "Cypress, CA
", "Covina, CA
", "Azusa, CA
", "Lenexa, KS
", "Lehi, UT
", "Roseville, MI
", "Salina, KS
", "West New Yor, NJ
", "Murray, UT
", "Roswell, NM
", "Barnstable Town, MA
", "Glenvie, IL
", "Richland, WA
", "Altoona, PA
", "Mansfield, TX
", "Portage, MI
", "Plainfield, NJ
", "Chesterfield, MO
", "Elmhurst, IL
", "East Lansing, MI
", "Cleveland Heights, OH
", "Grand Island, NE
", "Kokomo, IN
", "Biloxi, MS
", "Edina, MN
", "Maricopa, AZ
", "DeKalb, IL
", "St. Louis Park, MN
", "Olympia, WA
", "Summervill, SC
", "Wauwatosa, WI
", "Cedar Hill, TX
", "Titusville, FL
", "Binghamton, NY
", "Bell Gardens, CA
", "Danville, VA
", "Texas City, TX
", "Bountiful, UT
", "Kingsport, TN
", "Castle Roc, CO
", "Dublin, CA
", "Southaven, MS
", "Methuen, MA
", "Huntersvill, NC
", "Harrisonburg, VA
", "Freepor, NY
", "La Quinta, CA
", "Warren, OH
", "Parke, CO
", "San Luis Obispo, CA
", "Lincoln, CA
", "Oro Valle, AZ
", "East Point, GA
", "Coeur d'Alene, ID
", "Sierra Vista, AZ
", "Woonsocket, RI
", "Lawrence, IN
", "Covington, KY
", "Moline, IL
", "Buffalo Grov, IL
", "Lombar, IL
", "Attleboro, MA
", "Hackensack, NJ
", "Coral Gables, FL
", "Bonita Springs, FL
", "Prescott, AZ
", "Ceres, CA
", "Pittsfield, MA
", "Farmington, NM
", "Strongsville, OH
", "Kannapolis, NC
", "Commerce City, CO
", "Fairfield, OH
", "Caldwell, ID
", "Draper, UT
", "Oakland Park, FL
", "Ankeny, IA
", "The Colony, TX
", "Concord, NH
", "Bartlet, IL
", "Sayrevill, NJ
", "Twin Falls, ID
", "Noblesville, IN
", "Fond du Lac, WI
", "Crystal Lake, IL
", "Blacksbur, VA
", "Newark, CA
", "North Lauderdale, FL
", "Chelsea, MA
", "Aliso Viejo, CA
", "Charlottesville, VA
", "Hickory, NC
", "Salem, MA
", "Danvill, CA
", "Casa Grande, AZ
", "Rancho Palos Verdes, CA
", "Lompoc, CA
", "Belleville, IL
", "Leominster, MA
", "Wilkes-Barre, PA
", "Midland, MI
", "Hutchinson, KS
", "Fort Pierce, FL
", "Bullhead City, AZ
", "Littleton, CO
", "Jefferson City, MO
", "Lacey, WA
", "La Puente, CA
", "Westfield, MA
", "Hoboken, NJ
", "Rohnert Park, CA
", "San Gabriel, CA
", "San Bruno, CA
", "Fitchburg, MA
", "Haltom City, TX
", "Sammamish, WA
", "Edmonds, WA
", "Muskogee, OK
", "York, PA
", "El Centro, CA
", "Carol Strea, IL
", "Columbus, IN
", "Shelton, CT
", "Quincy, IL
", "Altamonte Springs, FL
", "Holyoke, MA
", "Beavercreek, OH
", "Cleveland, TN
", "Riverton, UT
", "Hagerstown, MD
", "Pflugerville, TX
", "Urbana, IL
", "Leesbur, VA
", "Spartanburg, SC
", "Hot Springs, AR
", "Bozeman, MT
", "State Colleg, PA
", "Atlantic City, NJ
", "Muskegon, MI
", "Coachella, CA
", "Beverly, MA
", "Colliervill, TN
", "Linden, NJ
", "Coppell, TX
", "Brookfield, WI
", "Keller, TX
", "Burlington, VT
", "Madison, AL
", "Hallandale Beach, FL
", "New Berlin, WI
", "Sumter, SC
", "Campbell, CA
", "Culver City, CA
", "Hurst, TX
", "Dublin, OH
", "Prescott Valle, AZ
", "Huntsville, TX
", "Urbandale, IA
", "Calexico, CA
", "Temple City, CA
", "Brea, CA
", "Meridian, MS
", "Rock Island, IL
", "Morgan Hill, CA
", "Sherman, TX
", "Cedar Falls, IA
", "Romeovill, IL
", "North Miami Beach, FL
", "Ormond Beach, FL
", "Apopka, FL
", "Marlborough, MA
", "Goose Creek, SC
", "Florence, AL
", "Smyrn, TN
", "Wylie, TX
", "San Jacinto, CA
", "Lima, OH
", "Carpentersvill, IL
", "Pacifica, CA
", "Monrovia, CA
", "Goldsboro, NC
", "Stanton, CA
", "Wausau, WI
", "Cape Girardeau, MO
", "Everett, MA
", "New Albany, IN
", "Germantown, TN
", "Huber Heights, OH
", "Streamwoo, IL
", "Findlay, OH
", "Portage, IN
", "Lancaster, OH
", "Park Ridge, IL
", "Lake Oswego, OR
", "Addiso, IL
", "Woburn, MA
", "Gadsden, AL
", "Calumet City, IL
", "Hanover Par, IL
", "Kearn, NJ
", "Richmond, IN
", "Del Rio, TX
", "Bell, CA
", "Panama City, FL
", "Texarkana, TX
", "Manhattan Beach, CA
", "Chester, PA
", "Longview, WA
", "Montclair, CA
", "Annapolis, MD
", "Plainfiel, IL
", "Riviera Beach, FL
", "Norwich, CT
", "Moorpark, CA
", "Puyallup, WA
", "University City, MO
", "Fort Le, NJ
", "Mankato, MN
", "Tupelo, MS
", "Westerville, OH
", "Brentwood, TN
", "Beloit, WI
", "Duncanville, TX
", "Dover, DE
", "Maplewood, MN
", "Greenfield, WI
", "Wheelin, IL
", "Rome, GA
", "Moorhead, MN
", "Valley Strea, NY
", "Bremerton, WA
", "West Hollywood, CA
", "Dunedin, FL
", "Bartlesville, OK
", "Keizer, OR
", "Marion, OH
", "Greenville, MS
", "Lancaster, TX
", "Alamogordo, NM
", "Dana Point, CA
", "Long Beach, NY
", "Roy, UT
", "Gainesville, GA
", "Bentonville, AR
", "Lake Worth, FL
", "Franklin, WI
", "Claremont, CA
", "Minot, ND
", "Cottonwood Heights, UT
", "Lincoln Park, MI
", "Torrington, CT
", "Rockwall, TX
", "Manassas, VA
", "Martinez, CA
", "Fairbanks, AK
", "Lewiston, ME
", "San Dimas, CA
", "Los Banos, CA
", "Burleson, TX
", "Hollister, CA
", "San Juan Capistrano, CA
", "Peachtree City, GA
", "Leavenworth, KS
", "Brunswick, OH
", "Menomonee Fall, WI
", "Lufkin, TX
", "Marysville, WA
", "Maran, AZ
", "Beverly Hills, CA
", "Columbia, TN
", "La Porte, TX
", "Wildwood, MO
", "Woodridg, IL
", "Holland, MI
", "Friendswood, TX
", "San Juan, TX
", "Northbroo, IL
", "Hilton Head Islan, SC
", "Stow, OH
", "Gahanna, OH
", "Bay City, MI
", "Grove City, OH
", "Pleasant Grove, UT
", "Seaside, CA
", "Delaware, OH
", "Mundelei, IL
", "Northglenn, CO
", "Rome, NY
", "Reynoldsburg, OH
", "Dalton, GA
", "La Verne, CA
", "Cottage Grove, MN
", "Rosenberg, TX
", "East Palo Alto, CA
", "Lynnwood, WA
", "Jackson, MI
", "Oak Creek, WI
", "Twentynine Palms, CA
", "Shakopee, MN
", "Pekin, IL
", "Inver Grove Heights, MN
", "Weslaco, TX
", "Winter Haven, FL
", "Elk Grove Villag, IL
", "Grants Pass, OR
", "Manitowoc, WI
", "Ape, NC
", "Merrillvill, IN
", "New Iberia, LA
", "Petersburg, VA
", "Richmond, KY
", "Pleasant Hill, CA
", "St. Charles, IL
", "Marion, IA
", "Roseville, MN
", "Apache Junction, AZ
", "Plant City, FL
", "Richfield, MN
", "Englewood, CO
", "Winter Springs, FL
", "Beaumont, CA
", "Goshen, IN
", "Long Branch, NJ
", "Massillon, OH
", "North Chicago, IL
", "Oviedo, FL
", "Bettendorf, IA
", "Monroe, NC
", "Houma, LA
", "Eastpointe, MI
", "Prattville, AL
", "Michigan City, IN
", "Fairborn, OH
", "Watertown, MA
", "Clovis, NM
", "Bothell, WA
", "Ocoee, FL
", "Danville, IL
", "Nacogdoches, TX
", "Greenacres, FL
", "Franklin, MA
", "Butte-Silver Bo, MT
", "Hopkinsville, KY
", "Oakley, CA
", "Socorro, TX
", "Naugatuc, CT
", "Upper Arlington, OH
", "Glendale Height, IL
", "Norristow, PA
", "Laguna Hills, CA
", "Olive Branch, MS
", "Lewiston, ID
", "Bangor, ME
", "Kennesaw, GA
", "Parkersburg, WV
", "Florence, SC
", "Bethel Par, PA
", "Spanish Fork, UT
", "Mount Vernon, WA
", "Osweg, IL
", "Highland Park, IL
", "Oregon City, OR
", "Brighton, CO
", "Jacksonville, AR
", "Lawndale, CA
", "Leawood, KS
", "North Olmsted, OH
", "Burien, WA
", "North Tonawanda, NY
", "McMinnville, OR
", "Galesburg, IL
", "Phenix City, AL
", "Douglasville, GA
", "Lauderdale Lakes, FL
", "Junea, AK
", "Wheat Ridge, CO
", "Vestavia Hills, AL
", "Deer Park, TX
", "Port Huron, MI
", "West Lafayette, IN
", "Walnut, CA
", "San Pablo, CA
", "Copperas Cove, TX
", "Granite City, IL
", "Schertz, TX
", "Rochester, NH
", "Walla Walla, WA
", "Gurne, IL
", "Myrtle Beach, SC
", "Chicago Heights, IL
", "Liberty, MO
", "Shawnee, OK
", "Oak Park, MI
", "Westlake, OH
", "Fair Law, NJ
", "Jeffersonville, IN
", "Hobbs, NM
", "Newnan, GA
", "Saratoga, CA
", "Andover, MN
", "Valparaiso, IN
", "Kearney, NE
", "Algonqui, IL
", "University Place, WA
", "Royal Palm Beac, FL
", "Gloucester, MA
", "Marion, IN
", "Hinesville, GA
", "Tooele, UT
", "Menlo Park, CA
", "Texarkana, AR
", "La Vergne, TN
", "Ballwin, MO
", "East Chicago, IN
", "Wenatchee, WA
", "West Bend, WI
", "Cleburne, TX
", "Newark, DE
", "Burton, MI
", "Ithaca, NY
", "Lake in the Hill, IL
", "Mason, OH
", "Poughkeepsie, NY
", "Morgantown, WV
", "Bowling Green, OH
", "Madison Heights, MI
", "Jamestown, NY
", "Williamsport, PA
", "Benton, AR
", "Westfiel, NJ
", "Aiken, SC
", "Cooper City, FL
", "Goleta, CA
", "Alton, IL
", "Winter Garden, FL
", "Alabaster, AL
", "Helena, MT
", "Gallatin, TN
", "North Royalton, OH
", "Los Gato, CA
", "Sanford, NC
", "Elmira, NY
", "Lawrenceville, GA
", "Aventura, FL
", "Cookeville, TN
", "Englewood, NJ
", "Foster City, CA
", "Cutler Ba, FL
", "Salisbury, NC
", "Garfield, NJ
", "Millville, NJ
", "Banning, CA
", "Wheeling, WV
", "Scherervill, IN
", "Saratoga Springs, NY
", "East St. Louis, IL
", "Des Moines, WA
", "St. Cloud, FL
", "Paso Roble, CA
", "Waxahachie, TX
", "Cedar City, UT
", "Nile, IL
", "Rahway, NJ
", "Lindenhurs, NY
", "Santa Paula, CA
", "Dover, NH
", "New Bern, NC
", "Garden City, KS
", "Adelanto, CA
", "Bessemer, AL
", "Springville, UT
", "Atascadero, CA
", "LaGrange, GA
", "Northampton, MA
", "Los Altos, CA
", "Sun Prairie, WI
", "Gladstone, MO
", "Maywood, CA
", "Salisbury, MD
", "Raytown, MO
", "Port Cheste, NY
", "North Ridgeville, OH
", "Midvale, UT
", "Soledad, CA
", "Newburgh, NY
", "Dania Beach, FL
", "Agawam, MA
", "Harvey, IL
", "Rexburg, ID
", "Kent, OH
", "Henderson, KY
", "Winter Park, FL
", "Hilliard, OH
", "Hobart, IN
", "Round Lake Beac, IL
", "Clearfield, UT
", "Plainfiel, IN
", "Kingman, AZ
", "Monterey, CA
", "Florence, KY
", "Oak Forest, IL
", "Southgate, MI
", "Garfield Heights, OH
", "Burlingame, CA
", "Savage, MN
", "Oak Ridge, TN
", "Laramie, WY
", "Prichard, AL
", "Monroevill, PA
", "Morristown, TN
", "Russellville, AR
", "Burbank, IL
", "O'Fallon, IL
", "Batavia, IL
", "Owasso, OK
", "West Springfield, MA
", "Lake Jackson, TX
", "Brooklyn Center, MN
", "Xenia, OH
", "Mason City, IA
", "Frankfort, KY
", "Watertown, NY
", "De Land, FL
", "San Carlos, CA
", "Slidell, LA
", "Statesboro, GA
", "Maryville, TN
", "Glen Elly, IL
", "Garne, NC
", "Auburn, NY
", "West Memphis, AR
", "Wake Fores, NC
", "American Fork, UT
", "Oakdale, MN
", "Anderson, SC
", "Suisun City, CA
", "College Park, MD
", "Pullman, WA
", "Matthew, NC
", "Glen Cove, NY
", "Gillette, WY
", "McHenry, IL
", "Opelika, AL
", "Winona, MN
", "Kirkwood, MO
", "Garden City, MI
", "Kankakee, IL
", "Melrose, MA
", "Weatherford, TX
", "Mount Pleasant, MI
", "Lansin, IL
", "Eagle Pass, TX
", "Harriso, NY
", "Norco, CA
", "Inkster, MI
", "Southlake, TX
", "Barberton, OH
", "Mount Pleasan, WI
", "Atwater, CA
", "Imperial Beach, CA
", "Thomasville, NC
", "Tualatin, OR
", "Paradis, CA
", "Belvidere, IL
", "Post Falls, ID
", "Shaker Heights, OH
", "Corsicana, TX
", "Farmers Branch, TX
", "West Chicago, IL
", "Nicholasville, KY
", "Wilmett, IL
", "Statesville, NC
", "Clinton, IA
", "Seguin, TX
", "Emporia, KS
", "Clinton, MS
", "Spring Valle, NY
", "Carbondale, IL
", "Spring Hill, TN
", "Jeffersontown, KY
", "Superior, WI
", "Wooster, OH
", "Plu, PA
", "Benicia, CA
", "Paramu, NJ
", "Duluth, GA
", "Homer Gle, IL
", "Kyle, TX
", "Easton, PA
", "Paris, TX
", "Trotwood, OH
", "Allen Park, MI
", "Medina, OH
", "Collinsville, IL
", "Maryland Heights, MO
", "Winchester, VA
", "New London, CT
", "Fridley, MN
", "Middletown, NY
", "Marshalltown, IA
", "SeaTac, WA
", "Kaysville, UT
", "Bristol, TN
", "Dodge City, KS
", "Sandusky, OH
", "Holladay, UT
", "Greenville, TX
", "Ridgecrest, CA
", "Carlsbad, NM
", "Bergenfiel, NJ
", "Paducah, KY
", "Salem, VA
", "Sanger, CA
", "Leander, TX
", "Harker Heights, TX
", "Hastings, NE
", "Windso, CA
", "Enterprise, AL
", "Hazelwood, MO
", "Stevens Point, WI
", "Riverside, OH
", "Burlington, IA
", "Eureka, CA
", "West Linn, OR
", "Fountain Hill, AZ
", "Fremont, NE
", "Fort Dodge, IA
", "Zion, IL
", "Corcoran, CA
", "Zanesville, OH
", "Shoreview, MN
", "San Benito, TX
", "Lafayette, CO
", "Neenah, WI
", "Maywoo, IL
", "Lafayette, CA
", "Westmon, IL
", "Vicksburg, MS
", "Little Elm, TX
", "San Luis, AZ
", "Owatonna, MN
", "University Park, TX
", "Lockport, IL
", "Ardmore, OK
", "Paragould, AR
", "De Pere, WI
", "Belmont, CA
", "Casselberry, FL
", "El Mirage, AZ
", "Rockledge, FL
", "Bridgeton, NJ
", "Wyandotte, MI
", "Kingsville, TX
", "Horn Lake, MS
", "Lebanon, TN
", "Wasco, CA
", "Freeport, IL
", "Asheboro, NC
", "Barstow, CA
", "Belton, MO
", "Edwardsville, IL
", "Greer, SC
", "Redmond, OR
", "Sherwood, AR
", "Ponca City, OK
", "East Cleveland, OH
", "Desert Hot Springs, CA
", "Corneliu, NC
", "Hercules, CA
", "Peekskill, NY
", "Vernon Hill, IL
", "Aberdeen, SD
", "Loves Park, IL
", "South Pasadena, CA
", "Colleyville, TX
", "Rockville Centr, NY
", "Pearl, MS
", "Crown Point, IN
", "Queen Cree, AZ
", "Ottumwa, IA
", "Cudahy, CA
", "Geneva, IL
", "Big Spring, TX
", "Caledoni, WI
", "New Castle, PA
", "Starkville, MS
", "Mercer Island, WA
", "Ridgewoo, NJ
", "Elizabethtown, KY
", "New Leno, IL
", "Seal Beach, CA
", "Chaska, MN
", "North Platte, NE
", "Lebanon, PA
", "White Bear Lake, MN
", "Lemon Grove, CA
", "Issaquah, WA
", "Elmwood Par, IL
", "Grandview, MO
", "Galt, CA
", "Parkland, FL
", "Watauga, TX
", "Denison, TX
", "Avon Lake, OH
", "Laguna Beach, CA
", "Doral, FL
", "Staunton, VA
", "Woodstock, IL
", "Dolto, IL
", "Lemoore, CA
", "Fairfax, VA
", "Homewood, AL
", "Prior Lake, MN
", "San Fernando, CA
", "South Portland, ME
", "Marshall, TX
", "Ossinin, NY
", "Columbus, MS
", "Lod, NJ
", "Wentzville, MO
", "Papillion, NE
", "Ramsey, MN
", "Walker, MI
", "Griffin, GA
", "Athens, AL
", "West Fargo, ND
", "Maple Heights, OH
", "Anniston, AL
", "Cabot, AR
", "Pascagoula, MS
", "Mequon, WI
", "Newport, RI
", "Champlin, MN
", "Chanhassen, MN
", "Rolling Meadows, IL
", "Reedley, CA
", "Green, OH
", "Tarpon Springs, FL
", "Cartere, NJ
", "Fitchburg, WI
", "South Lake Tahoe, CA
", "New Smyrna Beach, FL
", "Norton Shores, MI
", "Carrollton, GA
", "Franklin, IN
", "Muskego, WI
", "Opelousas, LA
", "Rosell, IL
", "Elk River, MN
", "Auburn, ME
", "Hopewell, VA
", "Woodstock, GA
", "Lisl, IL
", "Northport, AL
", "Hudson, OH
", "Romulus, MI
", "Benbrook, TX
", "Newberg, OR
", "Norfolk, NE
", "Watertown, WI
", "Huntle, IL
", "Sahuarit, AZ
", "Centerville, OH
", "Oxford, OH
", "Cliffside Par, NJ
", "Alvin, TX
", "Yukon, OK
", "Kerrville, TX
", "Fredericksburg, VA
", "Machesney Par, IL
", "Selma, CA
", "Austin, MN
", "Moscow, ID
", "East Peoria, IL
", "Oak Harbor, WA
", "Woodburn, OR
", "Brawley, CA
", "Canton, GA
", "Palmetto Ba, FL
", "Highlan, IN
", "Coronado, CA
", "South Plainfiel, NJ
", "Temple Terrace, FL
", "Duncan, OK
", "Park Fores, IL
", "Willoughby, OH
", "Van Buren, AR
", "Greenwood, SC
", "Derby, KS
", "Muscatine, IA
", "Morton Grov, IL
", "Alliance, OH
", "Kingston, NY
", "Keene, NH
", "Kernersvill, NC
", "Darien, IL
", "Key West, FL
", "Kinston, NC
", "Webster Groves, MO
", "Laurel, MD
", "Blue Island, IL
", "Eagle Mountain, UT
", "Searcy, AR
", "Chillicothe, OH
", "Agoura Hills, CA
", "Garden Cit, NY
", "El Cerrito, CA
", "Villa Par, IL
", "Syracuse, UT
", "Calabasas, CA
", "Brandon, MS
", "McKeesport, PA
", "Hastings, MN
", "Leesburg, FL
", "Munste, IN
", "Athens, OH
", "Del City, OK
", "Herndo, VA
", "Radcliff, KY
", "Faribault, MN
", "Lumberton, NC
", "Troy, OH
", "Mooresvill, NC
", "Waynesboro, VA
", "Bainbridge Island, WA
", "Clarksvill, IN
", "Solon, OH
", "Melrose Par, IL
", "Ashland, OH
", "Bloomingdal, IL
", "Libertyvill, IL
", "Duarte, CA
", "Kiryas Joe, NY
", "Mauldin, SC
", "Havelock, NC
", "Grayslak, IL
", "Hazleton, PA
", "Miami Lake, FL
", "Blythe, CA
", "Forest Park, GA
", "Mount Juliet, TN
", "Charleston, IL
", "Crystal, MN
", "Independence, KY
", "Jacksonville Beach, FL
", "Johnstown, PA
", "South Salt Lake, UT
", "Loma Linda, CA
", "Columbus, NE
", "Georgetown, KY
", "New Brighton, MN
", "Naples, FL
", "Ridgeland, MS
", "Prairie Village, KS
", "Port Hueneme, CA
", "Ypsilanti, MI
", "Shelby, NC
", "Biddeford, ME
", "Edgewater, FL
", "South El Monte, CA
", "Adrian, MI
", "Ashland, OR
", "Monroe, MI
", "Ashland, KY
", "Plainview, TX
", "Pottstow, PA
", "Pelham, AL
", "South Euclid, OH
", "Rosemount, MN
", "Kalispell, MT
", "La Porte, IN
", "Sapulpa, OK
", "Westfiel, IN
", "North Plainfiel, NJ
", "South Elgi, IL
", "South Milwaukee, WI
", "Ruston, LA
", "Ferndale, MI
", "Greenbelt, MD
", "South Hollan, IL
", "Mountain Brook, AL
", "Lake Forest, IL
", "Sedalia, MO
", "Forest Grove, OR
", "Ferguson, MO
", "Venice, FL
", "Auburn Hills, MI
", "Marquette, MI
", "East Moline, IL
", "Holly Spring, NC
", "Millbrae, CA
", "Florenc, AZ
", "Corinth, TX
", "Mukilteo, WA
", "North Augusta, SC
", "Milwaukie, OR
", "Milledgeville, GA
", "Wadsworth, OH
", "Gardner, MA
", "Roseburg, OR
", "Bixby, OK
", "La Cañada Flintridge, CA
", "Junction City, KS
", "West Miffli, PA
", "Lockport, NY
", "Oxford, AL
", "Lake Zuric, IL
", "Riverbank, CA
", "Arnold, MO
", "Rosell, NJ
", "Piqua, OH
", "Summit, NJ
", "Lebanon, OH
", "Hamtramck, MI
", "Cumberland, MD
", "Watertown, SD
", "Crest Hill, IL
", "Portsmouth, NH
", "New Hope, MN
", "Lexington, NC
", "Yucca Valle, CA
", "Kenmore, WA
", "Mint Hil, NC
", "Hays, KS
", "Farragu, TN
", "Golden Valley, MN
", "Norwood, OH
", "Dinuba, CA
", "Easley, SC
", "Oakdale, CA
", "Portsmouth, OH
", "Saginaw, TX
", "Klamath Falls, OR
", "Sebastian, FL
", "Rock Springs, WY
", "Lino Lakes, MN
", "Lomita, CA
", "Point Pleasan, NJ
", "Bensenvill, IL
", "Snellville, GA
", "Liberal, KS
", "Elizabeth City, NC
", "Balch Springs, TX
", "Brownsbur, IN
", "Gallup, NM
", "College Park, GA
", "Sidney, OH
", "Maple Valley, WA
", "Mountlake Terrace, WA
", "El Dorado, AR
", "Brookings, SD
", "Clinton, UT
", "Lynbroo, NY
", "Pleasant Prairi, WI
", "Hammond, LA
", "Alice, TX
", "Albertville, AL
", "Miamisburg, OH
", "McDonough, GA
", "Parma Heights, OH
", "Glassbor, NJ
", "Macomb, IL
", "Bethany, OK
", "Tinton Fall, NJ
", "Ashtabula, OH
", "Fountain, CO
", "Shelbyville, TN
", "Deerfiel, IL
", "Pittsburg, KS
", "East Ridge, TN
", "Northfield, MN
", "Hialeah Gardens, FL
", "Germantow, WI
", "Nogales, AZ
", "Car, IL
", "South St. Paul, MN
", "Stafford, TX
", "Terrell, TX
", "Eastlake, OH
", "Ennis, TX
", "Orange, TX
", "Murrysvill, PA
", "Christiansbur, VA
", "Acworth, GA
", "Eagle, ID
", "Sulphur, LA
", "Crestview, FL
", "Ottawa, IL
", "Jacksonville, IL
", "Plattsburgh, NY
", "Palisades Par, NJ
", "Evergreen Par, IL
", "Hermosa Beach, CA
", "Thomasville, GA
", "Niles, OH
", "Morristow, NJ
", "Moken, IL
", "Seymour, IN
", "Brook Park, OH
", "Chowchilla, CA
", "Sylvania, OH
", "Brownwood, TX
", "Louisville, CO
", "Eustis, FL
", "Mineol, NY
", "Madisonville, KY
", "Daphne, AL
", "Farmington, MN
", "Haines City, FL
", "Wilsonville, OR
", "Patterson, CA
", "Warrensburg, MO
", "Bourbonnai, IL
", "Fairmont, WV
", "Cartersville, GA
", "Seminole, FL
", "Decatur, GA
", "Trussville, AL
", "Port Angeles, WA
", "Indian Trai, NC
", "Coalinga, CA
", "Bellwoo, IL
", "West St. Paul, MN
", "Birmingham, MI
", "Oregon, OH
", "Altus, OK
", "Rocky River, OH
", "Fort Walton Beach, FL
", "Pleasantville, NJ
", "Selma, AL
", "Evans, CO
", "Nixa, MO
", "Steubenville, OH
", "Cudahy, WI
", "Pinole, CA
", "Moses Lake, WA
", "Greenfield, IN
", "Weirton, WV
", "Brigham City, UT
", "St. Matthews, KY
", "Laurel, MS
", "Alsi, IL
", "Sachse, TX
", "Central Falls, RI
", "Logansport, IN
", "Elmwood Par, NJ
", "Pinecres, FL
", "Angleton, TX
", "Tullahoma, TN
", "Manchester, MO
", "Baldwi, PA
", "Shelbyville, IN
", "Forest Park, OH
", "Ansonia, CT
", "Sand Springs, OK
", "Coralville, IA
", "Homewoo, IL
", "Painesville, OH
", "Orinda, CA
", "Hinsdal, IL
", "Rolla, MO
", "Cortland, NY
", "Mamaronec, NY
", "Palestine, TX
", "McAlester, OK
", "Carlisl, PA
", "Universal City, TX
", "New Castle, IN
", "West Cheste, PA
", "Chambersbur, PA
", "Augusta, ME
", "Marshfield, WI
", "Natchitoches, LA
", "Marysville, OH
", "Columbia Heights, MN
", "Bellaire, TX
", "Whitehall, OH
", "Laguna Woods, CA
", "Carrbor, NC
", "Newton, KS
", "Saco, ME
", "Covington, WA
", "Ozark, MO
", "Mandan, ND
", "Brookfiel, IL
", "Windso, CO
", "Clarksdale, MS
", "Hawthorn, NJ
", "Montrose, CO
", "Berea, OH
", "Frankfor, IL
", "Vincennes, IN
", "Franklin Par, IL
", "Trenton, MI
", "Hazel Park, MI
", "Camas, WA
", "Marina, CA
", "Stillwater, MN
", "Bay City, TX
", "Lenoir, NC
", "Dickinson, TX
", "Belton, TX
", "Dove, NJ
", "Willmar, MN
", "Colonial Heights, VA
", "Mayfield Heights, OH
", "Mustang, OK
", "Washington, UT
", "Raymore, MO
", "Takoma Park, MD
", "Scarsdal, NY
", "Herriman, UT
", "Westminster, MD
", "North Ogden, UT
", "Madison, MS
", "Sycamore, IL
", "Lackawanna, NY
", "New Port Richey, FL
", "South Burlington, VT
", "Springboro, OH
", "Newburyport, MA
", "Amsterdam, NY
", "Pickerington, OH
", "Godfre, IL
", "Wilkinsbur, PA
", "Douglas, AZ
", "Converse, TX
", "Dublin, GA
", "Lindenwol, NJ
", "Gardner, KS
", "Claremore, OK
", "Rutherfor, NJ
", "Hannibal, MO
", "Payson, UT
", "Bristol, VA
", "Matteso, IL
", "Dixon, CA
", "Twinsburg, OH
", "Albert Lea, MN
", "Marion, IL
", "Massapequa Par, NY
", "Pampa, TX
", "Sherwood, OR
", "Forest Lake, MN
", "Kirksville, MO
", "Oswego, NY
", "Tiffin, OH
", "Susanville, CA
", "Golden, CO
", "New Philadelphia, OH
", "Tallmadge, OH
", "Anoka, MN
", "Tifton, GA
", "Broadview Heights, OH
", "Oxford, MS
", "Springfield, TN
", "Ashwaubeno, WI
", "Clemmon, NC
", "Farmington, UT
", "Sugar Hill, GA
", "Lathrop, CA
", "Sheridan, WY
", "Morganton, NC
", "Erlanger, KY
", "Wayne, MI
", "Arroyo Grande, CA
", "Mattoon, IL
", "Wisconsin Rapids, WI
", "Santa Fe Springs, CA
", "Elko, NV
", "Ocean Springs, MS
", "Avenal, CA
", "Fairhope, AL
", "Simpsonville, SC
", "Ellensburg, WA
", "Dyersburg, TN
", "Poplar Bluff, MO
", "Donna, TX
", "Tukwila, WA
", "Safety Harbor, FL
", "Avon, OH
", "Goodlettsville, TN
", "Laconia, NH
", "Chickasha, OK
", "Monroe, WA
", "Sikeston, MO
", "Morag, CA
", "Perrysburg, OH
", "Arcata, CA
", "Martinsburg, WV
", "Fuquay-Varin, NC
", "Vero Beach, FL
", "Dumon, NJ
", "Union City, GA
", "Hopkins, MN
", "Talladega, AL
", "North Canton, OH
", "Palos Hills, IL
", "Stephenville, TX
", "Bartow, FL
", "Mill Creek, WA
", "Mineral Wells, TX
", "Creve Coeur, MO
", "Sevierville, TN
", "Beckley, WV
", "Battle Ground, WA
", "Arlington, WA
", "Bonney Lake, WA
", "Anacortes, WA
", "Mount Clemens, MI
", "Onalaska, WI
", "St. Marys, GA
", "Howar, WI
", "Round Lak, IL
", "Rutland, VT
", "Highland Village, TX
", "Ada, OK
", "Country Club Hills, IL
", "Grandville, MI
", "Rancho Mirage, CA
", "Belle Glade, FL
", "Fremont, OH
", "Fairview Heights, IL
", "La Vista, NE
", "Shively, KY
", "Millbrook, AL
", "Norwalk, OH
", "Menasha, WI
", "Tahlequah, OK
", "Alamo, TX
", "Winchester, KY
", "Murray, KY
", "Asbury Park, NJ
", "El Reno, OK
", "Westbrook, ME
", "Americus, GA
", "Huntington, IN
", "Yorkville, IL
", "Central Point, OR
", "Portland, TX
", "Cocoa, FL
", "Midlothian, TX
", "Gainesville, TX
", "Durant, OK
", "Mesquite, NV
", "Palm Spring, FL
", "Clarksburg, WV
", "Eri, CO
", "Durango, CO
", "Natchez, MS
", "Roanoke Rapids, NC
", "Gretna, LA
", "Frankfort, IN
", "Bella Vist, AR
", "Phoenixvill, PA
", "Pendleton, OR
", "South Houston, TX
", "Punta Gorda, FL
", "Hermitage, PA
", "Sunny Isles Beach, FL
", "American Canyon, CA
", "Griffit, IN
", "Gautier, MS
", "DeBary, FL
", "White Settlement, TX
", "Mount Vernon, IL
", "Suwanee, GA
", "Brunswick, GA
", "Artesia, CA
", "Middleton, WI
", "El Segundo, CA
", "Hibbing, MN
", "Maumelle, AR
", "Easthampton, MA
", "Highland, UT
", "Trucke, CA
", "Lemon, IL
", "Uvalde, TX
", "Radford, VA
", "Blytheville, AR
", "Farmington, MO
", "Nederland, TX
", "Taylor, TX
", "Clayton, MO
", "Greenwood, MS
", "Hanahan, SC
", "Defiance, OH
", "Saratoga Springs, UT
", "Prospect Heights, IL
", "Aberdeen, WA
", "Morto, IL
", "Mount Vernon, OH
", "Dickinson, ND
", "Waterville, ME
", "Madiso, NJ
", "Albany, CA
", "New Milfor, NJ
", "Dye, IN
", "Lexingto, SC
", "Conway, SC
", "Dallas, OR
", "South Ogden, UT
", "Cañon City, CO
", "Stuart, FL
", "Henderson, NC
", "Floral Par, NY
", "Clayto, NC
", "North Myrtle Beach, SC
", "North Auror, IL
", "Shafter, CA
", "Newport, KY
", "Fairview Park, OH
", "Hueytown, AL
", "Centerville, UT
", "Westcheste, IL
", "Centralia, WA
", "Johnston, IA
", "Red Wing, MN
", "South Rive, NJ
", "Coos Bay, OR
", "Canby, OR
", "Marco Island, FL
", "Overland, MO
", "Powder Springs, GA
", "La Palma, CA
", "Jenks, OK
", "West University Place, TX
", "Menomonie, WI
", "Great Bend, KS
", "Laurinburg, NC
", "Lansdal, PA
", "Danville, KY
", "Albemarle, NC
", "Shorewoo, IL
", "Hopatcon, NJ
", "Payso, AZ
", "Deming, NM
", "Sulphur Springs, TX
", "Eden, NC
", "Greenevill, TN
", "Troutdale, OR
", "Kaukauna, WI
", "Moultrie, GA
", "Center Point, AL
", "Lebanon, IN
", "Lebanon, OR
", "Hyattsville, MD
", "Secaucu, NJ
", "West Melbourne, FL
", "Depe, NY
", "Hermiston, OR
", "Cullman, AL
", "Opa-locka, FL
", "Riverdale, GA
", "St. Michael, MN
", "Brenham, TX
", "Lynn Haven, FL
", "Gatesville, TX
", "Greensburg, PA
", "La Grang, IL
", "Clive, IA
", "Montgomer, IL
", "Hawaiian Gardens, CA
", "Forest Par, IL
", "Forney, TX
", "Greenfield, CA
", "Fort Thomas, KY
", "Batavia, NY
", "Harriso, NJ
", "Milton, GA
", "Grosse Pointe Woods, MI
", "Troy, AL
", "Lake Mary, FL
", "Fayetteville, GA
", "Beaver Dam, WI
", "Mercedes, TX
", "Sterling, IL
", "Cahoki, IL
", "Alexander City, AL
", "Arvin, CA
", "Westbur, NY
", "Rye, NY
", "Fillmore, CA
", "Crawfordsville, IN
", "Newton, IA
", "Clearlake, CA
", "Bryant, AR
", "Dixon, IL
", "Bellevu, WI
", "Bridgeton, MO
", "Hanove, PA
", "Cohoes, NY
", "Ham Lake, MN
", "Mount Pleasant, TX
", "Kenmor, NY
", "Scottsboro, AL
", "Bridgevie, IL
", "Paradise Valle, AZ
", "Gloversville, NY
", "Covington, GA
", "Bradle, IL
", "Addiso, TX
", "Owosso, MI
", "Ukiah, CA
", "Sunnyside, WA
", "Lady Lak, FL
", "New Franklin, OH
", "Maitland, FL
", "Middleburg Heights, OH
", "Vienn, VA
", "Fraser, MI
", "Humble, TX
", "Pooler, GA
", "Reidsville, NC
", "Sharon, PA
", "Elkto, MD
", "Siloam Springs, AR
", "Tonawanda, NY
", "Calhoun, GA
", "Berkley, MI
", "Scottsbluff, NE
", "Murphy, TX
", "Pineville, LA
", "Waycross, GA
", "Ocean City, NJ
", "Indian, PA
", "Washington, PA
", "Mitchell, SD
", "Johnson Cit, NY
", "Boulder City, NV
", "Alloue, WI
", "Ozark, AL
", "North Arlingto, NJ
", "Lindenhurs, IL
", "Oroville, CA
", "Easto, MD
", "Grenada, MS
", "Tenafl, NJ
", "Panama City Beach, FL
", "Helena, AL
", "Jamestown, ND
", "Jennings, MO
", "Front Roya, VA
", "Bay Village, OH
", "Canyon, TX
", "Pacific Grove, CA
", "Ramse, NJ
", "Beacon, NY
", "California City, CA
", "Cibolo, TX
", "Aurora, OH
", "Canton, IL
", "Martinsville, VA
", "Lincoln, IL
", "Graham, NC
", "Phillipsbur, NJ
", "Eufaula, AL
", "Hereford, TX
", "Streetsboro, OH
", "Lake Wales, FL
", "Ripon, CA
", "Sunland Park, NM
", "West Park, FL
", "Berea, KY
", "Pottsville, PA
", "Traverse City, MI
", "Groves, TX
", "Washington, MO
", "Jacksonville, TX
", "Indianola, IA
", "Stockbridge, GA
", "Auburndale, FL
", "River Falls, WI
", "Lebanon, MO
", "Beech Grove, IN
", "Marietta, OH
", "Glasgow, KY
", "Whitewater, WI
", "Palmetto, FL
", "Athens, TN
", "Corinth, MS
", "Zachary, LA
", "Highland Par, NJ
", "La Marque, TX
", "Greenwood Village, CO
", "Moberly, MO
", "Buffalo, MN
", "Eatontow, NJ
", "Oconomowoc, WI
", "Riverdal, IL
", "Lake St. Louis, MO
", "Los Luna, NM
", "Highland Park, MI
", "Olean, NY
", "Jasper, AL
", "Vandalia, OH
", "Jasper, IN
", "Tumwater, WA
", "Sault Ste. Marie, MI
", "Hazel Cres, IL
", "Winder, GA
", "Fort Payne, AL
", "Thibodaux, LA
", "Channaho, IL
", "Red Bluff, CA
", "Aberdeen, MD
", "Greendal, WI
", "Dunmor, PA
", "Culpepe, VA
", "Dickson, TN
", "Elizabethton, TN
", "Norridg, IL
", "Moss Point, MS
", "Rio Grande City, TX
", "Boon, NC
", "Washington, IL
", "Butler, PA
", "Connersville, IN
", "Crowley, LA
", "Dumas, TX
", "Carthage, MO
", "Sartell, MN
", "West Columbia, SC
", "Katy, TX
", "Hutchinson, MN
", "Callaway, FL
", "Pierre, SD
", "Antioc, IL
", "Hartselle, AL
", "Glens Falls, NY
", "Otsego, MN
", "Forest Hill, TX
", "Maumee, OH
", "Wood Dale, IL
", "Altoona, IA
", "Hartford, WI
", "Lyndhurst, OH
", "Las Vegas, NM
", "Collingswoo, NJ
", "Morris, IL
", "Foley, AL
", "Yankton, SD
", "Streator, IL
", "Cusset, GA
", "Tavares, FL
", "Jackson, MO
", "Willowick, OH
", "Republic, MO
", "North Adams, MA
", "Morrisvill, NC
", "Brainerd, MN
", "New Haven, IN
", "McComb, MS
", "Circleville, OH
", "New Kensington, PA
", "Gardendale, AL
", "South Daytona, FL
", "Lockhart, TX
", "Kingsland, GA
", "Midlothia, IL
", "Zionsvill, IN
", "Carpinteria, CA
", "Washington Court House, OH
", "Imperial, CA
", "Ammon, ID
", "Middlese, NJ
", "Fergus Falls, MN
", "Warsaw, IN
", "Warrensville Heights, OH
", "Lake Stevens, WA
", "Hutto, TX
", "Palos Verdes Estates, CA
", "Whitefish Ba, WI
", "Centralia, IL
", "Hewitt, TX
", "Conyers, GA
", "Bemidji, MN
", "Fairvie, NJ
", "Robbinsdale, MN
", "Washougal, WA
", "Longwood, FL
", "Richmond, TX
", "Bedford, IN
", "Westo, WI
", "North Salt Lake, UT
", "Commerce, CA
", "Wixom, MI
", "Hammonto, NJ
", "St. Marys, PA
", "Oldsmar, FL
", "Livingston, CA
", "Moody, AL
", "Whitehal, PA
", "McPherson, KS
", "Princeto, NJ
", "Monroe, GA
", "Sharonville, OH
", "Newton, NC
", "Chicago Ridg, IL
", "Baker, LA
", "Kuna, ID
", "Hickory Hills, IL
", "Hurricane, UT
", "Worthington, OH
", "Oaklan, NJ
", "Brookhaven, MS
", "Forrest City, AR
", "Parlier, CA
", "McMinnville, TN
", "Mill Valley, CA
", "Hope Mill, NC
", "Lake Station, IN
", "Meadville, PA
", "Shorewoo, WI
", "Orangeburg, SC
", "Auburn, CA
", "Geneva, NY
", "Oneonta, NY
", "Harrison, AR
", "Gaffney, SC
", "Holly Hill, FL
", "Zephyrhills, FL
", "Atlantic Beach, FL
", "Live Oak, TX
", "Hugo, MN
", "Grover Beach, CA
", "Beach Par, IL
", "Clermont, FL
", "Metuche, NJ
", "Havre de Grace, MD
", "Ephrat, PA
", "Sweetwater, FL
", "New Ulm, MN
", "Horizon City, TX
", "Warrenville, IL
", "Muscle Shoals, AL
", "Miami, OK
", "Auburn, IN
", "Clemson, SC
", "Malibu, CA
", "Fostoria, OH
", "St. Joh, IN
", "Glendale, WI
", "Perry, GA
", "Greenville, OH
", "Wickliffe, OH
", "Claremont, NH
", "Stoughton, WI
", "Bedford, OH
", "Smithfiel, NC
", "Minden, LA
", "Saraland, AL
", "Kingsto, PA
", "Fernley, NV
", "Franklin, OH
", "Chippewa Falls, WI
", "Swanse, IL
", "Clayton, OH
", "West Monroe, LA
", "Lewisvill, NC
", "Hayden, ID
", "Mount Dora, FL
", "Brecksville, OH
", "Ottawa, KS
", "Sylacauga, AL
", "Richton Par, IL
", "Pell City, AL
", "Villa Rica, GA
", "Solana Beach, CA
", "Powell, OH
", "San Marino, CA
", "Lebanon, NH
", "Roselle Par, NJ
", "Sterling, CO
", "Blue Ash, OH
", "Bloomsbur, PA
", "Beatrice, NE
", "St. Ann, MO
", "West Carrollton City, OH
", "Babylo, NY
", "Eloy, AZ
", "Kerman, CA
", "Madison, IN
", "Fulton, MO
", "Chesterto, IN
", "Western Spring, IL
", "Englewood, OH
", "Pataskala, OH
", "Beeville, TX
", "La Grande, OR
", "Ringwoo, NJ
", "Borger, TX
", "Southern Pine, NC
", "Bellefontaine, OH
", "Brigantine, NJ
", "Marshall, MN
", "Cayce, SC
", "Happy Valley, OR
", "Williston, ND
", "Somervill, NJ
", "Okmulgee, OK
", "Woodhaven, MI
", "Wilton Manors, FL
", "Boone, IA
", "Glen Carbo, IL
", "Bogalusa, LA
", "Port Neches, TX
", "Wilmington, OH
", "Speedwa, IN
", "Mountain Home, AR
", "El Dorado, KS
", "Ionia, MI
", "Harper Woods, MI
", "Destin, FL
", "Miami Springs, FL
", "North Mankato, MN
", "Canton, MS
", "University Heights, OH
", "Soddy-Daisy, TN
", "St. Helens, OR
", "Bexley, OH
", "Vadnais Heights, MN
", "Pewaukee, WI
", "Freeport, TX
", "Effingham, IL
", "Williamsburg, VA
", "Palos Heights, IL
", "Dover, OH
", "New Carrollton, MD
", "Justic, IL
", "Levelland, TX
", "Half Moon Bay, CA
", "Somerset, KY
", "Lake Forest Park, WA
", "Lake City, FL
", "South Charleston, WV
", "Mandeville, LA
", "Endicot, NY
", "La Grange Par, IL
", "St. Augustine, FL
", "Derby, CT
", "Florham Par, NJ
", "Mountain Home, ID
", "Winnetk, IL
", "Ridgefield Par, NJ
", "Crowley, TX
", "Waukee, IA
", "Conneaut, OH
", "Somerton, AZ
", "Herrin, IL
", "Bainbridge, GA
", "Pinehurs, NC
", "Gulfport, FL
", "Show Low, AZ
", "Athens, TX
", "Hernando, MS
", "Niceville, FL
", "Kewanee, IL
", "Peru, IN
", "Woodward, OK
", "East Wenatchee, WA
", "Troy, MO
", "Bucyrus, OH
", "Markham, IL
", "Avo, IN
", "Taylorville, IL
", "Long Beach, MS
", "Grass Valley, CA
", "Waucond, IL
", "Cleveland, MS
", "Marion, AR
", "Portales, NM
", "Escanaba, MI
", "Grand Terrace, CA
", "Hudson, WI
", "Wanaqu, NJ
", "Patchogu, NY
", "Helena-West Helena, AR
", "Rantou, IL
", "Kelso, WA
", "Ventnor City, NJ
", "Robstown, TX
", "Monroe, OH
", "Franklin Par, PA
", "Clawson, MI
", "Middletow, DE
", "North Palm Beac, FL
", "Green River, WY
", "Marshall, MO
", "Abbeville, LA
", "McFarland, CA
", "Lower Burrell, PA
", "Dunkirk, NY
", "Gladstone, OR
", "Elizabethtow, PA
", "West Plains, MO
", "Sauk Rapids, MN
", "Kilgore, TX
", "Hendersonville, NC
", "Mounds View, MN
", "Excelsior Springs, MO
", "Seagoville, TX
", "East Liverpool, OH
", "San Anselm, CA
", "Hidalgo, TX
", "Mount Washington, KY
", "Somersworth, NH
", "South Sioux City, NE
", "Cocoa Beach, FL
", "West Paterso, NJ
", "New Providenc, NJ
", "The Dalles, OR
", "Fort Atkinson, WI
", "East Bethel, MN
", "Plano, IL
", "Red Ban, NJ
", "Poquoson, VA
", "Chubbuck, ID
", "Riverview, MI
", "Bastrop, LA
", "Lincolnwoo, IL
", "Two Rivers, WI
", "Martinsville, IN
", "Picayune, MS
", "Evanston, WY
", "Salem, OH
", "Buford, GA
", "Monticello, MN
", "Mooresvill, IN
", "Satellite Beach, FL
", "Beaufort, SC
", "Cambridge, MD
", "Lynden, WA
", "Tehachapi, CA
", "Loveland, OH
", "Federal Heights, CO
", "Amherst, OH
", "Plove, WI
", "Brown Dee, WI
", "Garden City, ID
", "Marysville, CA
", "Larkspur, CA
", "Irm, SC
", "Uniontown, PA
", "Fenton, MI
", "Los Alamitos, CA
", "Henderson, TX
", "King City, CA
", "Coatesville, PA
", "Muskegon Heights, MI
", "Franklin Lake, NJ
", "Seven Hills, OH
", "Grafto, WI
", "Fernandina Beach, FL
", "Morgan City, LA
", "Lilburn, GA
", "Sedona, AZ
", "Crossville, TN
", "Mendota Heights, MN
", "Schiller Par, IL
", "Red Bank, TN
", "North Liberty, IA
", "Webb City, MO
", "Seabrook, TX
", "Alton, TX
", "Cordele, GA
", "Camden, AR
", "Gloucester City, NJ
", "Eunice, LA
", "Winfield, KS
", "Verona, WI
", "Norton, OH
", "Cornelius, OR
", "Northlake, IL
", "Urbana, OH
", "Haddonfiel, NJ
", "Port Lavaca, TX
", "Freehol, NJ
", "Yazoo City, MS
", "Douglas, GA
", "Cottonwood, AZ
", "Hasbrouck Height, NJ
", "Crestwood, MO
", "Burr Ridg, IL
", "Washington, IN
", "Cloquet, MN
", "Ravenna, OH
", "Yeado, PA
", "Ferndale, WA
", "Tuskegee, AL
", "Vidalia, GA
", "Choctaw, OK
", "Coshocton, OH
", "Emmau, PA
", "Azle, TX
", "New Baltimore, MI
", "Somers Point, NJ
", "Fortuna, CA
", "Manassas Park, VA
", "Neosho, MO
", "Fairfield, AL
", "Leeds, AL
", "Elk City, OK
", "Pine Hil, NJ
", "Ironton, OH
", "Wallingto, NJ
", "Shelbyville, KY
", "West Point, MS
", "Waunake, WI
", "Clayton, CA
", "Pontiac, IL
", "Niles, MI
", "Roma, TX
", "North St. Paul, MN
", "Festus, MO
", "Baraboo, WI
", "Canyon Lake, CA
", "Bardstown, KY
", "Lyndon, KY
", "Woodinville, WA
", "Alexandria, MN
", "Fulton, NY
", "Chamblee, GA
", "Munhal, PA
", "Lakeway, TX
", "Cambridge, OH
", "River Fores, IL
", "Bellmaw, NJ
", "Kings Mountain, NC
", "Port Washington, WI
", "Shilo, IL
", "Falls Church, VA
", "Canandaigua, NY
", "Portland, TN
", "Dobbs Ferr, NY
", "Glen Roc, NJ
", "Arkadelphia, AR
", "Scotts Valley, CA
", "Little Chut, WI
", "Ogdensburg, NY
", "Lighthouse Point, FL
", "Beachwood, OH
", "Lancaste, NY
", "Cedarburg, WI
", "Fredericksburg, TX
", "Bluefield, WV
", "Suffer, NY
", "Fox Lak, IL
", "Magnolia, AR
", "Chino Valle, AZ
", "Glenn Heights, TX
", "Mexico, MO
", "Arkansas City, KS
", "Oskaloosa, IA
", "Parsons, KS
", "Kingsburg, CA
", "Port Roya, SC
", "Fredoni, NY
", "Vidor, TX
", "Crestwoo, IL
", "Guthrie, OK
", "Plymouth, IN
", "Worthington, MN
", "Huron, SD
", "Campton Hill, IL
", "Tarrytow, NY
", "Pompton Lake, NJ
", "Haverstra, NY
", "Fairburn, GA
", "Bolivar, MO
", "Blackfoot, ID
", "Campbellsville, KY
", "Lewisburg, TN
", "Rochester, MI
", "St. Albans, WV
", "Artesia, NM
", "Ontario, OR
", "Spencer, IA
", "Cedar Lak, IN
", "Wood River, IL
", "Healdsburg, CA
", "St. Peter, MN
", "South Lyon, MI
", "Grosse Pointe Park, MI
", "Lake Grov, NY
", "Burlington, WI
", "Vernon, TX
", "Sturgis, MI
", "Newberry, SC
", "Fort Madison, IA
", "Signal Hill, CA
", "Suamic, WI
", "Sedro-Woolley, WA
", "Trenton, OH
", "Lincolnton, NC
", "West Richland, WA
", "Ridgefiel, NJ
", "Camp Verd, AZ
", "Hillsboroug, CA
", "Beachwoo, NJ
", "Sierra Madre, CA
", "Wabash, IN
", "Benton Harbor, MI
", "Merriam, KS
", "Palatka, FL
", "Indianola, MS
", "Marinette, WI
", "Manvill, NJ
", "Maryville, MO
", "Lawrenceburg, TN
", "El Campo, TX
", "Clute, TX
", "Vermilion, OH
", "Calera, AL
", "Norcross, GA
", "Galion, OH
", "Struthers, OH
", "Greensburg, IN
", "Oneida, NY
", "Sebring, FL
", "Town and Country, MO
", "South Miami, FL
", "Kennett, MO
", "Guymon, OK
", "Westwoo, NJ
", "Lansing, KS
", "Enumclaw, WA
", "Chatha, IL
", "River Edg, NJ
", "Webster, TX
", "Bonham, TX
", "Sweetwater, TX
", "Orange Cove, CA
", "Lansdown, PA
", "Lincoln Par, NJ
", "Aliquippa, PA
", "Mebane, NC
", "Totow, NJ
", "Grand Haven, MI
", "Oil City, PA
", "Dallas, GA
", "Petal, MS
", "Richmond Hill, GA
", "Lindsay, CA
", "Union City, TN
", "Loganville, GA
", "Keansbur, NJ
", "Superio, CO
", "Fort Morgan, CO
", "Massen, NY
", "Anderson, CA
", "Vienna, WV
", "Jennings, LA
", "Guttenber, NJ
", "Reading, OH
", "Minook, IL
", "Coldwater, MI
", "Vermillion, SD
", "Bedford Heights, OH
", "Piedmont, CA
", "Monroe, WI
", "Santa Fe, TX
", "Little Ferr, NJ
", "Waupun, WI
", "East Grand Rapids, MI
", "Lindon, UT
", "Alpena, MI
", "Jesup, GA
", "Montgomery, OH
", "Kendallville, IN
", "Woodbury, NJ
", "East Rockawa, NY
", "Macedonia, OH
", "Wort, IL
", "Stege, IL
", "Burkburnett, TX
", "North Branch, MN
", "Brooklyn, OH
", "Snyder, TX
", "Atchison, KS
", "Wyomissin, PA
", "Mount Kisc, NY
", "East Stroudsbur, PA
", "Keokuk, IA
", "Cheney, WA
", "Springdale, OH
", "Hope, AR
", "Barringto, IL
", "Bound Broo, NJ
", "Haysville, KS
", "Lumberton, TX
", "Grain Valley, MO
", "Andover, KS
", "Mendota, CA
", "Morro Bay, CA
", "Silver Cit, NM
", "Robinson, TX
", "Brownsville, TN
", "Coffeyville, KS
", "Denham Springs, LA
", "Davidso, NC
", "Platteville, WI
", "Boerne, TX
", "Corning, NY
", "Leon Valley, TX
", "Doraville, GA
", "Coolidge, AZ
", "Tarbor, NC
", "Big Rapids, MI
", "Wasilla, AK
", "Celina, OH
", "Sauk Villag, IL
", "Pleasant Grove, AL
", "West Haverstra, NY
", "Lyon, IL
", "Gulf Shores, AL
", "Cadillac, MI
", "Bellefontaine Neighbors, MO
", "Tomball, TX
", "Newman, CA
", "Summi, IL
", "Fairmont, MN
", "Berwic, PA
", "Sleepy Hollo, NY
", "Van Wert, OH
", "Martin, TN
", "Pella, IA
", "Galena Park, TX
", "Nanticoke, PA
", "Shasta Lake, CA
", "Mayfield, KY
", "Weatherford, OK
", "Richmond Heights, OH
", "Millington, TN
", "Cape Canaveral, FL
", "Greencastle, IN
", "Andrews, TX
", "Lexington, NE
", "Cedartown, GA
", "Washington, NC
", "Westwego, LA
", "Prineville, OR
", "Mount Holly, NC
", "Jacksonville, AL
", "East Rutherfor, NJ
", "Lantan, FL
", "Girard, OH
", "Farmersville, CA
", "Susse, WI
", "White House, TN
", "Columbi, PA
", "Riverton, WY
", "Fort Mil, SC
", "Dunn, NC
", "Manchester, TN
", "Spearfish, SD
", "DeRidder, LA
", "Placerville, CA
", "River Grov, IL
", "Carroll, IA
", "Winfiel, IL
", "Lancaster, SC
", "Lawrenceburg, KY
", "Lovington, NM
", "Paris, TN
", "Exeter, CA
", "Valley, AL
", "Waynesbor, PA
", "Newport, OR
", "Marysville, MI
", "Florida City, FL
", "Waconia, MN
", "Bethalt, IL
", "Middlesborough, KY
", "St. Pete Beach, FL
", "Forest Acres, SC
", "Jacinto City, TX
", "Great Nec, NY
", "Amityvill, NY
", "Portage, WI
", "Glenpool, OK
", "Elgin, TX
", "Darb, PA
", "Sonoma, CA
", "Newcastle, WA
", "Alpine, UT
", "Weddingto, NC
", "Waynesvill, NC
", "Winslow, AZ
", "Beverly Hill, MI
", "Jeannette, PA
", "Ecorse, MI
", "Harvard, IL
", "Astoria, OR
", "Hillsdal, NJ
", "Rochelle, IL
", "Northampto, PA
", "Potsda, NY
", "Troy, IL
", "Farmington, MI
", "Heber, UT
", "Bel Ai, MD
", "Safford, AZ
", "Sunbury, PA
", "Waterloo, IL
", "Melvindale, MI
", "Peru, IL
", "Rockport, TX
", "Cairo, GA
", "Jackso, WY
", "Fairview, OR
", "Orange City, FL
", "Big Lake, MN
", "The Village, OK
", "Watervliet, NY
", "Mission, KS
", "Harrisonville, MO
", "Highland, IL
", "Key Biscayn, FL
", "St. Francis, WI
", "Edgewood, WA
", "Sumner, WA
", "Howell, MI
", "Espanola, NM
", "Union, MO
", "Pleasanton, TX
", "Irondale, AL
", "Merrill, WI
", "Fort Oglethorpe, GA
", "Jefferson Hill, PA
", "Silverton, OR
", "Sugar Grov, IL
", "North Bend, OR
", "Bristo, PA
", "Edgewate, NJ
", "Clinton, TN
", "Capitola, CA
", "Arden Hills, MN
", "Monmouth, OR
", "Laurens, SC
", "New Hyde Par, NY
", "Morrisvill, PA
", "Steamboat Springs, CO
", "Storm Lake, IA
", "London, OH
", "Emeryville, CA
", "Harrisburg, IL
", "Kinnelo, NJ
", "Bellmead, TX
", "Havre, MT
", "Decatur, IN
", "Little Canada, MN
", "Perry, IA
", "Rye Broo, NY
", "Berlin, NH
", "Miami Shore, FL
", "Cedar Hills, UT
", "North College Hill, OH
", "Mound, MN
", "Palm Beac, FL
", "Smithfield, UT
", "Marathon, FL
", "Raymondville, TX
", "Brentwoo, PA
", "Waldwic, NJ
", "LaSalle, IL
", "Morehead Cit, NC
", "Batesville, AR
", "Hackettstow, NJ
", "Mount Airy, NC
", "Louisville, OH
", "Wapakoneta, OH
", "Waseca, MN
", "Warr Acres, OK
", "Garden City, GA
", "Baker City, OR
", "Warren, PA
", "Hambur, NY
", "Burlington, NJ
", "Grandview, WA
", "Gonzales, LA
", "Harrison, OH
", "Berkeley, MO
", "Clinton, MO
", "Independence, OR
", "Belmont, NC
", "Orego, WI
", "Hermantown, MN
", "Lone Tree, CO
", "Columbia, IL
", "Archdale, NC
", "Rainbow City, AL
", "Monmouth, IL
", "Bluffton, IN
", "Groton, CT
", "Eureka, MO
", "Shelby, OH
", "Flossmoo, IL
", "Johnstow, CO
", "Cody, WY
", "Rock Falls, IL
", "Alachua, FL
", "Harahan, LA
", "Waverly, IA
", "Pryor Creek, OK
", "Paris, KY
", "Cameron, MO
", "Shelton, WA
", "Monticello, AR
", "Red Oak, TX
", "Tipp City, OH
", "Covington, TN
", "Maysville, KY
", "Corte Mader, CA
", "Independence, KS
", "Elkhorn, WI
", "Craig, CO
", "Commerce, TX
", "Bernalill, NM
", "Damascus, OR
", "Grovetown, GA
", "Alma, MI
", "Fairfield, IA
", "Ellisville, MO
", "Carbondale, PA
", "Pitma, NJ
", "Oak Grove, KY
", "Shepherdsville, KY
", "Rifle, CO
", "Thomaston, GA
", "Fitzgerald, GA
", "Highland Par, TX
", "Grinnell, IA
", "Toppenish, WA
", "Humboldt, TN
", "Jerome, ID
", "Covington, LA
", "Toccoa, GA
", "Wharton, TX
", "Taft, CA
", "Maywoo, NJ
", "Econom, PA
", "Port Townsend, WA
", "Sheffield, AL
", "Le Mars, IA
", "Trinidad, CO
", "Cottage Grove, OR
", "Port Jervis, NY
", "Moundsville, WV
", "Burley, ID
", "Albion, MI
", "Royse City, TX
", "Coweta, OK
", "Newar, NY
", "Ruidos, NM
", "Richmond Heights, MO
", "Essex Junctio, VT
", "Beaver Falls, PA
", "Glenwood Springs, CO
", "Grantsville, UT
", "Presque Isle, ME
", "Orange Par, FL
", "Cret, IL
", "Ingleside, TX
", "Glenco, IL
", "Brewer, ME
", "Litit, PA
", "Avon Park, FL
", "Elwood, IN
", "Delta, CO
", "Lapeer, MI
", "Bennettsville, SC
", "Scott, LA
", "Minneola, FL
", "West Point, UT
", "Hondo, TX
", "Socorro, NM
", "Charlotte, MI
", "Pulask, VA
", "Andalusia, AL
", "College Place, WA
", "Stuttgart, AR
", "Stalling, NC
", "Malvern, AR
", "Warrento, VA
", "Brownfield, TX
", "Hillsboro, TX
", "Monett, MO
", "Sweet Home, OR
", "Russellville, AL
", "Park Ridg, NJ
", "Edgewood, KY
", "Sheffield Lake, OH
", "Woodbur, NY
", "North Haledo, NJ
", "Heath, OH
", "Clinton, SC
", "Sitka  an, AK
", "Bath, ME
", "Audubo, NJ
", "Saline, MI
", "Lamesa, TX
", "Rockingham, NC
", "Malvern, NY
", "La Plat, MD
", "Franklin, VA
", "Waterford, CA
", "Grants, NM
", "Clinton, NC
", "Farmingdal, NY
", "Park Hills, MO
", "Hoquiam, WA
", "Anacond, MT
", "Chanute, KS
", "Middletow, PA
", "Barre, VT
", "Clanton, AL
", "DeFores, WI
", "Sparta, WI
", "Sandy, OR
", "Norwalk, IA
", "Holly Springs, GA
", "Napoleon, OH
", "Woodway, TX
", "Aransas Pass, TX
", "Rosco, IL
", "Oak Broo, IL
", "Springfield, FL
", "Pewauke, WI
", "Snohomish, WA
", "Kaufman, TX
", "Sturgeon Bay, WI
", "Mount Pleasant, IA
", "Flat Rock, MI
", "Boonville, MO
", "Clinton, OK
", "Cushing, OK
", "Swissval, PA
", "Mount Air, MD
", "Brandon, SD
", "Matawa, NJ
", "Booneville, MS
", "Alamosa, CO
", "Grand Rapids, MN
", "Sallisaw, OK
", "Rawlins, WY
", "Willowbroo, IL
", "Mechanicsbur, PA
", "Canonsbur, PA
", "Franklin, NH
", "Lake Vill, IL
", "Chillicothe, MO
", "Woods Cross, UT
", "Paris, IL
", "Burlington, WA
", "Vernal, UT
", "Florence, OR
", "Augusta, KS
", "Hartlan, WI
", "Tiburo, CA
", "Lake Par, FL
", "Roxboro, NC
", "Reedsburg, WI
", "Shawano, WI
", "Tomah, WI
", "Closte, NJ
", "Milton, FL
", "Quakertow, PA
", "Oxford, NC
", "Perkasi, PA
", "Greenwood, AR
", "Maplewood, MO
", "Granbury, TX
", "Alexandria, KY
", "Itasc, IL
", "Cresskil, NJ
", "Grosse Pointe Farms, MI
", "Tecumseh, MI
", "Cortez, CO
", "Kirby, TX
", "Alcoa, TN
", "Smyrn, DE
", "Des Peres, MO
", "Rayne, LA
", "Kearney, MO
", "Leoni, NJ
", "Centerton, AR
", "Bridge City, TX
", "Los Altos Hill, CA
", "Coloni, NY
", "Island Lak, IL
", "Clarendon Hill, IL
", "Clarksville, AR
", "Pismo Beach, CA
", "Siler Cit, NC
", "Manten, IL
", "Madeira, OH
", "Lock Haven, PA
", "Willoughby Hills, OH
", "Gonzales, CA
", "Highland Heights, OH
", "Lewistow, PA
", "Fallon, NV
", "Old Forg, PA
", "Yorktow, IN
", "Lynwoo, IL
", "Haledo, NJ
", "Washington Terrace, UT
", "Milford, DE
", "Hornell, NY
", "Delavan, WI
", "Georgetown, SC
", "Margate City, NJ
", "Glenwoo, IL
", "Holme, WI
", "Plymouth, MI
", "Virginia, MN
", "Graham, TX
", "Thief River Falls, MN
", "Westlake Village, CA
", "Boonto, NJ
", "Connellsville, PA
", "North Logan, UT
", "St. Joseph, MI
", "Upper Saddle Rive, NJ
", "River Rouge, MI
", "Princeton, IN
", "Oakwood, OH
", "Johnstown, NY
", "Wynne, AR
", "Campbell, OH
", "Guntersville, AL
", "Dormon, PA
", "Grimes, IA
", "Pleasant Hill, IA
", "Runnemed, NJ
", "Conshohocke, PA
", "Olney, IL
", "Southside, AL
", "Lowel, IN
", "Santaquin, UT
", "Bradford, PA
", "Absecon, NJ
", "Orrville, OH
", "Cheviot, OH
", "Oberlin, OH
", "Bastrop, TX
", "Jerseyville, IL
", "Lake Geneva, WI
", "Collingdal, PA
", "West Haven, UT
", "Wyoming, OH
", "Boaz, AL
", "Liberty, TX
", "Latrobe, PA
", "Brockpor, NY
", "Hillsid, IL
", "St. Anthony, MN
", "Airmon, NY
", "West Long Branc, NJ
", "Sandpoint, ID
", "Nevada, MO
", "Ludington, MI
", "Menominee, MI
", "Corbin, KY
", "Mount Rainier, MD
", "Bryan, OH
", "Indian Harbour Beach, FL
", "Clay, AL
", "Tuscumbia, AL
", "Perryton, TX
", "Eagle Point, OR
", "Brooksville, FL
", "Mentor-on-the-Lake, OH
", "Columbia City, IN
", "Wythevill, VA
", "Whitefish, MT
", "Brazil, IN
", "Riversid, IL
", "Baxter, MN
", "New Richmond, WI
", "Poteau, OK
", "Rice Lake, WI
", "Live Oak, CA
", "Oak Grove, MN
", "Plymouth, WI
", "Chatha, NJ
", "Palmer, AK
", "Fort Valley, GA
", "Dardenne Prairie, MO
", "La Follette, TN
", "Ladue, MO
", "Harrodsburg, KY
", "West Frankfort, IL
", "Sunset Hills, MO
", "Ville Platte, LA
", "Belgrade, MT
", "Murphysboro, IL
", "Oak Islan, NC
", "New Albany, MS
", "Knightdal, NC
", "Perryville, MO
", "University Par, IL
", "Olmsted Falls, OH
", "Monro, NY
", "Snoqualmie, WA
", "Jefferson City, TN
", "Greenville, MI
", "Cloverdale, CA
", "Poulsbo, WA
", "Spotswoo, NJ
", "Detroit Lakes, MN
", "Oakdale, LA
", "St. Marys, OH
", "Center Line, MI
", "Spring Lak, NC
", "Frederic, CO
", "Riverdale, UT
", "Danvill, IN
", "Little Falls, MN
", "Ashland, WI
", "Butle, NJ
", "Fireston, CO
", "Fife, WA
", "Doylestow, PA
", "Alliance, NE
", "Miles City, MT
", "Long Grov, IL
", "Mason, MI
", "Newto, NJ
", "Richland Hills, TX
", "Fairvie, TX
", "Lakeland, TN
", "Caribou, ME
", "Winnemucca, NV
", "Wagoner, OK
", "Smithville, MO
", "Trophy Clu, TX
", "Hawthorn Wood, IL
", "Lincoln City, OR
", "Harwood Height, IL
", "Kenton, OH
", "Bay St. Louis, MS
", "Breaux Bridge, LA
", "Bay Minette, AL
", "Gettysbur, PA
", "Price, UT
", "Union, SC
", "Seneca, SC
", "Scoti, NY
", "Castle Shanno, PA
", "Mahtomedi, MN
", "Monessen, PA
", "Bluffdale, UT
", "Ilio, NY
", "Port Jefferso, NY
", "Lenoir City, TN
", "Abingdo, VA
", "Eaton, OH
", "White Oa, PA
", "Franklin, KY
", "Holly Springs, MS
", "Briarcliff Mano, NY
", "Calumet Par, IL
", "Park City, UT
", "Bellevu, PA
", "Philadelphia, MS
", "West Dunde, IL
", "Lampasas, TX
", "York, SC
", "Ellwood Cit, PA
", "London, KY
", "Lincolnshir, IL
", "Cleveland, TX
", "Mapleton, UT
", "Lamar, CO
", "Port Orchard, WA
", "Collegedale, TN
", "Croton-on-Hudso, NY
", "Fort Scott, KS
", "Downingtow, PA
", "Milan, TN
", "Elsmere, KY
", "Bridgeport, WV
", "D'Iberville, MS
", "Arab, AL
", "Berli, NJ
", "Carnegi, PA
", "Hastings-on-Hudso, NY
", "Antigo, WI
", "Bogot, NJ
", "Osceola, AR
", "Jefferson, GA
", "Rensselaer, NY
", "Decorah, IA
", "Rinco, GA
", "Unionvill, NC
", "Sheboygan Falls, WI
", "Angola, IN
", "Brookhave, PA
", "Northfield, NJ
", "South Bosto, VA
", "Hailey, ID
", "Batesville, MS
", "North Bay Village, FL
", "Black Mountai, NC
", "Chestnut Ridg, NY
", "Ivins, UT
", "Fairview, TN
", "York, NE
", "Vinto, VA
", "Winchester, TN
", "Rolling Hills Estates, CA
", "Lexington, TN
", "Crescent City, CA
", "Pulaski, TN
", "Monona, WI
", "Clarkston, GA
", "Chester, IL
", "Clairton, PA
", "Helotes, TX
", "Bellevue, OH
", "Versailles, KY
", "Jefferson, WI
", "Hartsvill, TN
", "Clear Lake, IA
", "Flushing, MI
", "East Grand Forks, MN
", "Lake Dallas, TX
", "Rio Vista, CA
", "Pecos, TX
", "Heath, TX
", "Crookston, MN
", "Blair, NE
", "Corrale, NM
", "Park City, KS
", "Oradel, NJ
", "South Amboy, NJ
", "Ojai, CA
", "Silvis, IL
", "McFarlan, WI
", "Broussard, LA
", "Sanger, TX
", "Iron Mountain, MI
", "Hillsdale, MI
", "Montpelier, VT
", "Fountain Inn, SC
", "Pleasant Hill, PA
", "Bernardsvill, NJ
", "Kenai, AK
", "Wellington, KS
", "Orono, MN
", "Villa Hills, KY
", "Whitehouse, TX
", "Webster City, IA
", "Wetumpka, AL
", "Frostburg, MD
", "Grove Cit, PA
", "Old Town, ME
", "Morehead, KY
", "Genese, NY
", "Summerfiel, NC
", "Cambridge, MN
", "Hubbard, OH
", "Franklin, LA
", "Gering, NE
", "Northpor, NY
", "Invernes, IL
", "Grand Ledge, MI
", "Swainsboro, GA
", "Dunbar, WV
", "Pearsall, TX
", "Dexter, MO
", "Tallulah, LA
", "Flatwoods, KY
", "Branson, MO
", "Stone Mountain, GA
", "Rhinelander, WI
", "DuBois, PA
", "Groveland, FL
", "Floresville, TX
", "Payette, ID
", "Hyrum, UT
", "Ripley, TN
", "Broadvie, IL
", "Wilso, PA
", "Fort Lupton, CO
", "Kenilwort, NJ
", "Huron, CA
", "Calipatria, CA
", "Creston, IA
", "Haddon Height, NJ
", "Wahpeton, ND
", "Hales Corner, WI
", "Hillview, KY
", "Bladensbur, MD
", "Montval, NJ
", "Fort Mitchell, KY
", "Navasota, TX
", "Clayto, NJ
", "Grand Blanc, MI
", "Pittston, PA
", "LaFayette, GA
", "Rogers, MN
", "Donaldsonville, LA
", "Tell City, IN
", "Fort Stockton, TX
", "Marengo, IL
", "Sebastopol, CA
", "Newport, TN
", "Livingston, MT
", "Princeton, IL
", "Auburn, GA
", "Lake Elmo, MN
", "Ione, CA
", "Aurora, MO
", "Keypor, NJ
", "Charles City, IA
", "Hartsville, SC
", "Treasure Island, FL
", "Calimesa, CA
", "Bloomingdal, NJ
", "Wood-Ridg, NJ
", "Marble Falls, TX
", "Olivette, MO
", "Salem, IL
", "Logan, OH
", "McCook, NE
", "Rockland, ME
", "Atmore, AL
", "Shorewood, MN
", "Fruita, CO
", "Woodlake, CA
", "Atherto, CA
", "Mount Carmel, IL
", "Newport, AR
", "Mammoth Lake, CA
", "Hempstead, TX
", "Warrenton, MO
", "Senatobia, MS
", "Maryvill, IL
", "Ripon, WI
", "Farmvill, VA
", "Greenville, IL
", "Camp Hil, PA
", "Dayton, TX
", "Kosciusko, MS
", "Yreka, CA
", "Shamokin, PA
", "Kirtland, OH
", "Chehalis, WA
", "Alamo Heights, TX
", "Jasper, TX
", "Emerso, NJ
", "Demopolis, AL
", "Palmyr, NJ
", "Huron, OH
", "Ephrata, WA
", "Millersvill, PA
", "Sandwich, IL
", "Atok, TN
", "Carl Junction, MO
", "Belen, NM
", "Charlestown, IN
", "Savannah, TN
", "Stayton, OR
", "Longboat Ke, FL
", "Gonzales, TX
", "Rarita, NJ
", "Conover, NC
", "Ketchikan, AK
", "Jersey Village, TX
", "St. Johns, MI
", "Inverness, FL
", "Marshfield, MO
", "Escalon, CA
", "Pacific, MO
", "Russellville, KY
", "Lander, WY
", "Rumso, NJ
", "Molalla, OR
", "Amory, MS
", "St. Francis, MN
", "Seaford, DE
", "Richland, MS
", "Knoxville, IA
", "Washington, IA
", "St. Albans, VT
", "Newcastle, OK
", "Mount Jo, PA
", "Baldwinsvill, NY
", "Wauseon, OH
", "Centerville, GA
", "Bloomfield, NM
", "Mukwonag, WI
", "Southwest Ranche, FL
", "Dade City, FL
", "Richfield, UT
", "Linwood, NJ
", "Live Oak, FL
", "Oak Hill, WV
", "Winthrop Harbo, IL
", "Corning, CA
", "Clarkston, WA
", "Brighton, MI
", "Heber Springs, AR
", "Glenolde, PA
", "Bayvill, NY
", "Hitchcock, TX
", "Tolleson, AZ
", "Globe, AZ
", "Orland Hill, IL
", "Denison, IA
", "Brentwood, MO
", "Three Rivers, MI
", "Pleasant Hill, MO
", "Orland, CA
", "Lowell, AR
", "Forest Cit, NC
", "Cotati, CA
", "Clewiston, FL
", "Manhatta, IL
", "Fayetteville, TN
", "Williston Par, NY
", "Crystal City, TX
", "Bonner Springs, KS
", "Sausalito, CA
", "Clinton, IL
", "Nappanee, IN
", "Middletown, KY
", "Pleasantvill, NY
", "Blackwell, OK
", "Caldwel, NJ
", "Selah, WA
", "Hatbor, PA
", "Lanett, AL
", "Marshall, MI
", "Kennedale, TX
", "Signal Mountai, TN
", "Sutherlin, OR
", "Ellsworth, ME
", "Ashlan, VA
", "New Alban, OH
", "Fanwoo, NJ
", "Fairfa, CA
", "Austell, GA
", "Elo, NC
", "Prospe, TX
", "Pleasant View, UT
", "North Caldwel, NJ
", "Stratfor, NJ
", "New Cumberlan, PA
", "La Junta, CO
", "Moncks Corne, SC
", "Ocean Cit, MD
", "Oneonta, AL
", "Smithfiel, VA
", "Camden, SC
", "Dalhart, TX
", "Nebraska City, NE
", "Fairlawn, OH
", "Ambridg, PA
", "St. Martinville, LA
", "La Feria, TX
", "Greenville, AL
", "Liberty Lake, WA
", "Flowood, MS
", "Gig Harbor, WA
", "Lexington, VA
", "Great Neck Plaz, NY
", "Bellbrook, OH
", "Palmyr, PA
", "Hudsonville, MI
", "Mendota, IL
", "Dunelle, NJ
", "Norwich, NY
", "Mount Vernon, IN
", "Youngsville, LA
", "Ridley Par, PA
", "Winters, CA
", "Trinity, NC
", "Walde, NY
", "Elkins, WV
", "Firebaugh, CA
", "St. Louis, MI
", "Herkime, NY
", "River Oaks, TX
", "Milltow, NJ
", "Roeland Park, KS
", "Benton, IL
", "Selm, NC
", "DuPont, WA
", "Barringto, NJ
", "Page, AZ
", "Kronenwette, WI
", "Aztec, NM
", "Hudson, NY
", "Beebe, AR
", "Mount Sterling, KY
", "Fultondale, AL
", "Sturtevan, WI
", "King, NC
", "Plattsmouth, NE
", "Houghton, MI
", "Hood River, OR
", "Walled Lake, MI
", "Silsbee, TX
", "Santa Clara, UT
", "Canfield, OH
", "Quincy, FL
", "Hastings, MI
", "Bonne Terre, MO
", "Oak Grove, MO
", "Idabel, OK
", "Thomson, GA
", "Seward, NE
", "Nyac, NY
", "Folcrof, PA
", "Rathdrum, ID
", "Skiatoo, OK
", "Black Jack, MO
", "Fox Poin, WI
", "Crockett, TX
", "Pinson, AL
", "East Hill, NY
", "Galax, VA
", "Seminole, OK
", "Marion, SC
", "Bel Aire, KS
", "Waite Park, MN
", "Loomi, CA
", "Trumann, AR
", "Pinevill, NC
", "Tremonton, UT
", "Buda, TX
", "Delafield, WI
", "Milton, WA
", "Perry, FL
", "Nitro, WV
", "Truth or Consequences, NM
", "Neptune Beach, FL
", "Atlantic, IA
", "Arcadia, FL
", "Dayton, TN
", "Independence, OH
", "Church Hill, TN
", "Midland Par, NJ
", "Huntingdo, PA
", "Jackso, WI
", "Altoona, WI
", "Plaquemine, LA
", "Blakel, PA
", "Boonville, IN
", "Taylor Mill, KY
", "New London, WI
", "Johnsbur, IL
", "Delphos, OH
", "Sullivan, MO
", "Warwic, NY
", "Belfast, ME
", "Grafto, OH
", "Brevard, NC
", "Pocahontas, AR
", "New Prague, MN
", "Devils Lake, ND
", "Mount Hore, WI
", "Mascoutah, IL
", "Washingto, NJ
", "Roanoke, AL
", "Hiawatha, IA
", "Nevada, IA
", "Duquesne, PA
", "West Vie, PA
", "Tecumseh, OK
", "Darlington, SC
", "Lake City, SC
", "Irvingto, NY
", "Braidwood, IL
", "Franklin, PA
", "Willard, OH
", "Glen Ridg, NJ
", "Hillsboro, OH
", "Harriman, TN
", "Edinbor, PA
", "Martins Ferry, OH
", "Carencro, LA
", "Belle Plaine, MN
", "Litchfield, IL
", "Sweetwater, TN
", "Hudson Fall, NY
", "Victoria, MN
", "Kill Devil Hill, NC
", "Munford, TN
", "Carthage, TX
", "Seneca Fall, NY
", "Elsa, TX
", "Wickenbur, AZ
", "Union Beac, NJ
", "Park City, IL
", "Catoosa, OK
", "Laurel, MT
", "Fort Bragg, CA
", "Louisville, MS
", "Blanchard, OK
", "Allendal, NJ
", "Pahokee, FL
", "Guadalupe, CA
", "Opp, AL
", "Morrilton, AR
", "Tamaqu, PA
", "Sioux Center, IA
", "Gulf Breeze, FL
", "Avo, CO
", "Othello, WA
", "Lawrenc, NY
", "Gretna, NE
", "North Syracus, NY
", "Larchmon, NY
", "Columbia, MS
", "East Alto, IL
", "Litchfield, MN
", "Catasauqu, PA
", "Greenbrie, TN
", "Souderto, PA
", "New Palt, NY
", "Mexia, TX
", "Green Cove Springs, FL
", "Mountainsid, NJ
", "Clifton Height, PA
", "Metropolis, IL
", "Attalla, AL
", "Providence, UT
", "Leitchfield, KY
", "Belpre, OH
", "Valley Center, KS
", "Monahans, TX
", "Bronxvill, NY
", "Childress, TX
", "Salem, IN
", "Watchun, NJ
", "Woodland Park, CO
", "Tarrant, AL
", "Sidney, NE
", "Belle Isle, FL
", "Tyron, GA
", "Monticell, NY
", "Archbal, PA
", "Madison, SD
", "Milfor, MI
", "Ishpeming, MI
", "Gridley, CA
", "Manorhave, NY
", "De Soto, MO
", "Buena Vista, VA
", "Bethel, AK
", "Moraine, OH
", "Raton, NM
", "New Squar, NY
", "Spring Lake Park, MN
", "Rochester, IN
", "Geneseo, IL
", "Salem, UT
", "Pelha, NY
", "Batesville, IN
", "Estes Par, CO
", "Decatur, TX
", "Winooski, VT
", "Meadows Place, TX
", "Oakmon, PA
", "Mahome, IL
", "Milton-Freewater, OR
", "Henderson, TN
", "Riverdale Par, MD
", "Cuero, TX
", "Solva, NY
", "Pikeville, KY
", "Fort Myers Beac, FL
", "Rossford, OH
", "Abilene, KS
", "Princeton, KY
", "Pratt, KS
", "Commerce, GA
", "Hamilton, AL
", "St. John, MO
", "Scappoose, OR
", "Prospect Par, PA
", "Eatonton, GA
", "Monroeville, AL
", "Cheverl, MD
", "Robinson, IL
", "Fair Oaks Ranch, TX
", "Jamesbur, NJ
", "Cortland, OH
", "Upper Sandusky, OH
", "Albertville, MN
", "Milto, PA
", "Somerse, PA
", "Emmett, ID
", "Cherry Hills Village, CO
", "Dillon, SC
", "Keene, TX
", "Sellersbur, IN
", "Brier, WA
", "Grove, OK
", "Hurricane, WV
", "Milford, OH
", "Robbin, IL
", "Du Quoin, IL
", "Islamorada, Village of Island, FL
", "Anadarko, OK
", "Vandalia, IL
", "Ponchatoula, LA
", "Hilto, NY
", "Hughson, CA
", "Bedford, VA
", "Corry, PA
", "Grandview Heights, OH
", "Glenarden, MD
", "Hartford City, IN
", "White Oak, TX
", "North Vernon, IN
", "Stroudsbur, PA
", "Lago Vista, TX
", "Union, OH
", "Geneva, OH
", "Estherville, IA
", "La Grange, KY
", "Marianna, FL
", "Cynthiana, KY
", "Alpine, TX
", "Umatilla, OR
", "Millersville, TN
", "Iowa Park, TX
", "Gladewater, TX
", "Sealy, TX
", "Rittman, OH
", "Valley Park, MO
", "Holl, MI
", "Rensselaer, IN
", "East Rocheste, NY
", "Carbondal, CO
", "Willows, CA
", "Mills Rive, NC
", "Rockawa, NJ
", "Princeton, WV
", "Seaside, OR
", "Horsehead, NY
", "Californi, PA
", "Manasqua, NJ
", "Walke, LA
", "Canal Wincheste, OH
", "Kimberl, WI
", "Tuckaho, NY
", "East Auror, NY
", "Crete, NE
", "North Riversid, IL
", "Normandy Park, WA
", "Forest Hill, PA
", "Shrewsbury, MO
", "Orange Beach, AL
", "Peoria Height, IL
", "Valley City, ND
", "Kodiak, AK
", "Eudora, KS
", "Lake Bluf, IL
", "Sandersville, GA
", "St. Augustine Beach, FL
", "Talent, OR
", "Fircrest, WA
", "Brookings, OR
", "Norwoo, NJ
", "Pigeon Forge, TN
", "Livingsto, TX
", "Amble, PA
", "Lynchbur, TN
", "Orting, WA
", "Round Lake Par, IL
", "Clearfiel, PA
", "Butne, NC
", "South Weber, UT
", "Cottage Grov, WI
", "Hillsboro, IL
", "Monticello, KY
", "Bartonvill, IL
", "Millike, CO
", "Portland, IN
", "Bellefont, PA
", "Taylo, PA
", "Caruthersville, MO
", "Cedarhurs, NY
", "Washingtonvill, NY
", "Jackson, OH
", "Port Clinton, OH
", "Elm Grov, WI
", "Big Bear Lake, CA
", "Purcell, OK
", "Isanti, MN
", "Wilmington, IL
", "Seminole, TX
", "Pauls Valley, OK
", "Clyde, OH
", "Covington, VA
", "Little Silve, NJ
", "Independence, IA
", "Warren, AR
", "Princeton, TX
", "St. Joseph, MN
", "Huntingburg, IN
", "Manistee, MI
", "Crafto, PA
", "Greenvill, PA
", "Gardiner, ME
", "Bridgeport, TX
", "Ralston, NE
", "Hobar, WI
", "Swarthmor, PA
", "Stanwood, WA
", "Aberdeen, MS
", "Wharto, NJ
", "Oelwein, IA
", "Pontoon Beac, IL
", "Canto, NY
", "Paulsbor, NJ
", "Mount Healthy, OH
", "Rushville, IN
", "New Brighto, PA
", "Montevallo, AL
", "Steilacoo, WA
", "Harrisville, UT
", "Vinita, OK
", "Gypsu, CO
", "Ad, OH
", "Manvel, TX
", "Carlisle, OH
", "Trenton, MO
", "Medin, NY
", "Chester, SC
", "Plymout, PA
", "Red Lio, PA
", "Pacific, WA
", "Thurmon, MD
", "Tuttle, OK
", "District Heights, MD
", "Macclenny, FL
", "Henryetta, OK
", "Valparaiso, FL
", "The Village of Indian Hill, OH
", "Old Tappa, NJ
", "Petoskey, MI
", "Nazaret, PA
", "Carlstad, NJ
", "Forest Hills, TN
", "McKees Rock, PA
", "Ellettsvill, IN
", "South Williamspor, PA
", "South Tucson, AZ
", "Madras, OR
", "Satsuma, AL
", "Morris Plain, NJ
", "Wilmore, KY
", "Douglass Hills, KY
", "Mario, VA
", "Barnesville, GA
", "Gilbert, IL
", "Northville, MI
", "Bisbee, AZ
", "Okeechobee, FL
", "Duvall, WA
", "Columbiana, OH
", "Hapeville, GA
", "Gun Barrel City, TX
", "Burnet, TX
", "Lebanon, KY
", "Starke, FL
", "Forest, MS
", "Douglas, WY
", "Villa Park, CA
", "Rockdale, TX
", "Carlinville, IL
", "Minnetrista, MN
", "Lewistown, MT
", "Sturgis, SD
", "Crystal Springs, MS
", "De Queen, AR
", "Guadalup, AZ
", "Chickasaw, AL
", "Punxsutawne, PA
", "Woodcliff Lak, NJ
", "Wellston, OH
", "Littlefield, TX
", "Pontotoc, MS
", "Scottsburg, IN
", "Fair Have, NJ
", "Belma, NJ
", "Maquoketa, IA
", "International Falls, MN
", "Exete, PA
", "Dickson Cit, PA
", "Aspen, CO
", "Chillicothe, IL
", "Willow Spring, IL
", "Eagl, CO
", "La Habra Heights, CA
", "Colusa, CA
", "Orange City, IA
", "Richmond, MO
", "Jeanerette, LA
", "Mount Carme, PA
", "Lacy-Lakeview, TX
", "Quincy, WA
", "Waynesboro, GA
", "Mulvane, KS
", "Carolina Beac, NC
", "Beardstown, IL
", "Flagler Beach, FL
", "Alexandria, IN
", "Bellevue, KY
", "Lincoln, AL
", "Prairie du Chien, WI
", "Sylvester, GA
", "Lauderdale-by-the-Se, FL
", "North Mancheste, IN
", "Mount Arlingto, NJ
", "Waupaca, WI
", "North Braddoc, PA
", "Harrisbur, NC
", "St. Helena, CA
", "Marlin, TX
", "Joshua, TX
", "Noble, OK
", "Huntington Woods, MI
", "New Whitelan, IN
", "Sequim, WA
", "Cold Spring, KY
", "Pevely, MO
", "Edna, TX
", "Hamlet, NC
", "Englewood Cliff, NJ
", "Slaton, TX
", "Homer, AK
", "Erwi, TN
", "Prospect, KY
", "Yelm, WA
", "Countryside, IL
", "Malon, NY
", "Iola, KS
", "Spanish Fort, AL
", "Walterboro, SC
", "Stickne, IL
", "Norwoo, PA
", "Titusville, PA
", "Everman, TX
", "Spring Grov, IL
", "St. Clair, MI
", "Moosi, PA
", "Twin Lake, WI
", "Farrell, PA
", "Deer Park, OH
", "Monac, PA
", "Lakemoo, IL
", "Sheridan, OR
", "Center, TX
", "North Kansas City, MO
", "Cameron, TX
", "Anamosa, IA
", "Oceanpor, NJ
", "Woodfi, NC
", "Coal Cit, IL
", "Fort Meade, FL
", "Highland Heights, KY
", "Cumming, GA
", "Pana, IL
", "Pepper Pike, OH
", "Bremen, GA
", "Tequest, FL
", "Leesville, LA
", "Dowagiac, MI
", "Union Gap, WA
", "Central City, KY
", "Linton, IN
", "Belding, MI
", "Elsmer, DE
", "Marksville, LA
", "Gas City, IN
", "Red Oak, IA
", "Garrett, IN
", "Fate, TX
", "Eastman, GA
", "Poolesvill, MD
", "Snowflak, AZ
", "Big Stone Ga, VA
", "Salem, NJ
", "Camilla, GA
", "Hellertow, PA
", "Wappingers Fall, NY
", "Watonga, OK
", "Milan, MI
", "Hoopeston, IL
", "Hooper, UT
", "Hillsboroug, NC
", "Bolivar, TN
", "Waynesboro, MS
", "Ripley, MS
", "Glenwood, IA
", "Sanibel, FL
", "Emporia, VA
", "Falcon Heights, MN
", "Centreville, IL
", "Breckenridge, TX
", "Mena, AR
", "Corcoran, MN
", "Wake Village, TX
", "Aberdee, NC
", "Cherryville, NC
", "Los Ranchos de Albuquerqu, NM
", "Junction City, OR
", "Fairvie, NC
", "Kingston, TN
", "Coraopoli, PA
", "Richmond, MI
", "Walkersvill, MD
", "Steelto, PA
", "Middleton, ID
", "Prospect Par, NJ
", "Salamanca, NY
", "Mascotte, FL
", "Rio Bravo, TX
", "Goshe, NY
", "Cumberlan, IN
", "Bowie, TX
", "Batesburg-Leesvill, SC
", "Savo, IL
", "Woodsid, CA
", "Milton, WI
", "Shippensbur, PA
", "Hampshir, IL
", "Braselto, GA
", "New Martinsville, WV
", "Kasson, MN
", "Fowler, CA
", "Bessemer City, NC
", "St. Gabriel, LA
", "Washington Par, IL
", "Lake Mills, WI
", "Celina, TX
", "Ulysses, KS
", "Gatlinburg, TN
", "Stewartville, MN
", "Tao, NM
", "Glencoe, MN
", "South Pasadena, FL
", "Albio, NY
", "Abbeville, SC
", "Turtle Cree, PA
", "New Carlisle, OH
", "South Beloit, IL
", "Rockwood, TN
", "Morrow, GA
", "Los Fresnos, TX
", "Diboll, TX
", "West Miami, FL
", "Winston, OR
", "Powell, WY
", "Northwood, OH
", "Crossett, AR
", "Uhrichsville, OH
", "Torrington, WY
", "Rockto, IL
", "Progreso, TX
", "Buckhannon, WV
", "Piedmont, OK
", "Palmview, TX
", "Clarinda, IA
", "Glendale, MO
", "Macon, MO
", "Watseka, IL
", "Atlanta, TX
", "Fairpor, NY
", "Yoakum, TX
", "Hampstea, MD
", "Hollidaysbur, PA
", "Ballston Sp, NY
", "Mount Carme, TN
", "Gunnison, CO
", "Luling, TX
", "Lewisbur, PA
", "Dayton, KY
", "Pelham Mano, NY
", "Spring Valley, IL
", "Fort Wright, KY
", "Zeeland, MI
", "Jordan, MN
", "Centerville, IA
", "Carterville, IL
", "Sayr, PA
", "Bat, NY
", "Bridgewate, VA
", "Northfiel, IL
", "Berthou, CO
", "Chadron, NE
", "Cave Cree, AZ
", "Lehighto, PA
", "Chera, SC
", "Giddings, TX
", "Brookville, OH
", "Taneytown, MD
", "De Soto, KS
", "Point Pleasant Beac, NJ
", "Holdenville, OK
", "Sheridan, CO
", "Holtville, CA
", "Dunlap, TN
", "Rockford, MI
", "Nephi, UT
", "Mansfield, LA
", "Glennville, GA
", "Adel, GA
", "Salida, CO
", "Medi, PA
", "Circle Pines, MN
", "Kings Poin, NY
", "Hugo, OK
", "Oak Hill, TN
", "Highwood, IL
", "Pinckneyville, IL
", "Granvill, OH
", "Williamsto, NC
", "Porte, IN
", "Glencoe, AL
", "Nelsonville, OH
", "Eureka, IL
", "Ironwood, MI
", "Windcrest, TX
", "McKenzie, TN
", "Sinton, TX
", "Roselan, NJ
", "Paola, KS
", "Monticello, IL
", "Selinsgrov, PA
", "West Bountiful, UT
", "Farr West, UT
", "Brush, CO
", "Carrizo Springs, TX
", "Edgerton, WI
", "Algona, IA
", "Brady, TX
", "Grafton, WV
", "Zimmerman, MN
", "Fruit Heights, UT
", "Rusk, TX
", "Delano, MN
", "Sharon Hil, PA
", "Wendel, NC
", "Kingsford, MI
", "Wayne, NE
", "Hampton, GA
", "Mathis, TX
", "Hightstow, NJ
", "Weldon Spring, MO
", "Monticello, IN
", "Weiser, ID
", "Port Isabel, TX
", "Airway Heights, WA
", "Plain City, UT
", "Bowling Green, MO
", "Lake City, MN
", "Ephraim, UT
", "Old Westbur, NY
", "Brewton, AL
", "Parkville, MO
", "Elbur, IL
", "Lone Grove, OK
", "Highland, NJ
", "Patterson, LA
", "Kennett Squar, PA
", "Tucumcari, NM
", "Donor, PA
", "Columbia Falls, MT
", "De Witt, IA
", "Wildwood, NJ
", "Clario, PA
", "Blakely, GA
", "Bango, PA
", "Gilmer, TX
", "Waveland, MS
", "Berryville, AR
", "Needles, CA
", "Eaton Rapids, MI
", "Terrell Hills, TX
", "Grovepor, OH
", "St. Paul Park, MN
", "Georgetow, DE
", "Whiteville, NC
", "Montevideo, MN
", "Colona, IL
", "Kermit, TX
", "Keyser, WV
", "Watervill, OH
", "Pleasant Garde, NC
", "Polson, MT
", "Brunswick, MD
", "Spring Hill, KS
", "Swartz Creek, MI
", "Jonesboroug, TN
", "Toronto, OH
", "Arnold, PA
", "Cochran, GA
", "Chardon, OH
", "Palmerto, PA
", "Harrah, OK
", "Concordia, KS
", "Creve Coeu, IL
", "Ontario, OH
", "Williamsburg, KY
", "Carmi, IL
", "North Fond du La, WI
", "Tyron, PA
", "Desloge, MO
", "Mila, IL
", "Midfield, AL
", "Webste, NY
", "Calistoga, CA
", "Mineola, TX
", "Westvill, IN
", "Indian Wells, CA
", "Fox River Grov, IL
", "Tallassee, AL
", "Holdrege, NE
", "Birdsbor, PA
", "Fairfield, IL
", "Munroe Falls, OH
", "Schuyler, NE
", "Penn Ya, NY
", "Manitou Springs, CO
", "Schuylkill Have, PA
", "Mount Zio, IL
", "Shenandoa, PA
", "Silverton, OH
", "New Hollan, PA
", "Solvang, CA
", "Newport, VT
", "Marion, NC
", "Indian Rocks Beach, FL
", "Bluefiel, VA
", "Lakeport, CA
", "Staunton, IL
", "Fox Chape, PA
", "South Haven, MI
", "Purcellvill, VA
", "Edgewater, CO
", "Davison, MI
", "Daytona Beach Shores, FL
", "Spring Lake Height, NJ
", "New Have, MI
", "Demares, NJ
", "Williamsvill, NY
", "Litchfield Park, AZ
", "Prosser, WA
", "White Hall, AR
", "Moab, UT
", "Cedar Grov, FL
", "Springhill, LA
", "Neptune Cit, NJ
", "Charleston, MO
", "South Bound Broo, NJ
", "Alma, AR
", "Genoa, IL
", "Jackson, AL
", "Winnfield, LA
", "Gustine, CA
", "Lelan, NC
", "Columbus, WI
", "Mayville, WI
", "Enoch, UT
", "Somerdal, NJ
", "Rupert, ID
", "Holbrook, AZ
", "Vinton, IA
", "Frankli, NJ
", "Redwood Falls, MN
", "Medina, MN
", "Savannah, MO
", "Kutztow, PA
", "Palacios, TX
", "Gladstone, MI
", "Wadesbor, NC
", "Star, ID
", "Greenfield, OH
", "Perry, OK
", "Preston, ID
", "Collegevill, PA
", "Creswell, OR
", "Evansdale, IA
", "Palmetto, GA
", "St. Clairsville, OH
", "Mendha, NJ
", "Kaplan, LA
", "Wellingto, CO
", "Richland Center, WI
", "Wesley Hill, NY
", "Rothschil, WI
", "Collinsville, OK
", "Oaklan, TN
", "Springfield, MI
", "Westmon, PA
", "Sea Clif, NY
", "Ocean Shores, WA
", "Anna, IL
", "Roosevelt, UT
", "Canal Fulton, OH
", "Forsyth, GA
", "Germantow, OH
", "Holmes Beach, FL
", "Tega Cay, SC
", "De Funiak Springs, FL
", "Summerville, GA
", "Tipton, IN
", "Ayde, NC
", "Chelsea, MI
", "Thatche, AZ
", "Berlin, WI
", "Shillingto, PA
", "Vandergrif, PA
", "West Wendover, NV
", "Childersburg, AL
", "Morris, MN
", "Grosse Pointe, MI
", "Waterlo, NY
", "Mone, IL
", "Rainsville, AL
", "Palmhurst, TX
", "Eldon, MO
", "Harlan, IA
", "Port Allen, LA
", "Belle Fourche, SD
", "New Castle, DE
", "Lake Barringto, IL
", "Dodgeville, WI
", "Blaine, WA
", "Waterfor, WI
", "Willits, CA
", "Sugarcree, PA
", "Edento, NC
", "Iowa Falls, IA
", "Piedmont, AL
", "Robertsdale, AL
", "Clarks Summi, PA
", "Worland, WY
", "Evansville, WI
", "Olyphan, PA
", "Dos Palos, CA
", "Dahlonega, GA
", "Sunset, UT
", "Long Vie, NC
", "Shenandoah, IA
", "Cheboygan, MI
", "Falfurrias, TX
", "Sparta, TN
", "Bay Harbor Island, FL
", "Sawmill, NC
", "Colville, WA
", "Marseilles, IL
", "Utica, MI
", "Loudo, TN
", "Fellsmere, FL
", "Clove, SC
", "West Pittsto, PA
", "Lucas, TX
", "Berkele, IL
", "La Crescent, MN
", "Pose, IL
", "Normandy, MO
", "Dellwood, MO
", "Wiggins, MS
", "Chestertow, MD
", "Youngtow, AZ
", "Wellsvill, NY
", "McGregor, TX
", "Clemento, NJ
", "Crestline, OH
", "Chittenang, NY
", "Briell, NJ
", "Eldridge, IA
", "Palos Par, IL
", "Bridgevill, PA
", "Manchester, IA
", "Salem, MO
", "Harrington Par, NJ
", "Little Falls, NY
", "Nashville, GA
", "Jim Thorp, PA
", "Stone Par, IL
", "Mechanicville, NY
", "Winnsboro, LA
", "Alva, OK
", "Bradley Beac, NJ
", "Woodland, WA
", "Lura, VA
", "Alfre, NY
", "Ardsle, NY
", "Sulphur, OK
", "New Hempstea, NY
", "Swoyersvill, PA
", "Benson, AZ
", "Buffalo, WY
", "Erwi, NC
", "Seat Pleasant, MD
", "Gibraltar, MI
", "West Sale, WI
", "Winterset, IA
", "Hamilton, MT
", "Allegan, MI
", "Nashville, AR
", "Carthage, MS
", "Wintervill, NC
", "Avalo, PA
", "Locust Grove, GA
", "Lake Worth, TX
", "Saranac Lak, NY
", "Ludlow, KY
", "LaBelle, FL
", "Island Par, NY
", "Platte City, MO
", "Dumfrie, VA
", "Colby, KS
", "Lochbui, CO
", "North Wildwood, NJ
", "Clinton, IN
", "Glendale, CO
", "Hazard, KY
", "La Joya, TX
", "Lawrenceburg, IN
", "Leland, MS
", "Barnwell, SC
", "Surfside Beac, SC
", "Sidney, MT
", "Cherokee Village, AR
", "Fayette, AL
", "Flora, IL
", "Vai, CO
", "Social Circle, GA
", "Charles Town, WV
", "Princeton, MN
", "Williams, CA
", "Elmsfor, NY
", "Sheldon, IA
", "Whiting, IN
", "Colorado Cit, AZ
", "Teague, TX
", "New Roads, LA
", "Pembroke Par, FL
", "Montgomer, NY
", "Adamsville, AL
", "Gibsonvill, NC
", "Odessa, MO
", "Olympia Field, IL
", "Fruitland, ID
", "Zebulo, NC
", "Honesdal, PA
", "Osage Beach, MO
", "Northval, NJ
", "Mullins, SC
", "Madisonville, TN
", "Fletche, NC
", "Osceola, IA
", "Medical Lake, WA
", "La Grange, TX
", "Omak, WA
", "Union Springs, AL
", "Wellingto, OH
", "Selme, TN
", "Cherokee, IA
", "Presidio, TX
", "Ranson corporatio, WV
", "Spirit Lake, IA
", "Coleman, TX
", "East Palestine, OH
", "North Oaks, MN
", "Penns Grov, NJ
", "Lindal, TX
", "Boiling Spring Lakes, NC
", "Oak Park Heights, MN
", "Smiths Station, AL
", "Mountain Grove, MO
", "Isle of Palms, SC
", "Edinburg, IN
", "Farmington, AR
", "Belton, SC
", "Pittsburg, TX
", "Walnut Ridge, AR
", "Dacula, GA
", "Union Grov, WI
", "Church Poin, LA
", "Edwardsvill, PA
", "Oxfor, PA
", "Slinge, WI
", "Frankenmuth, MI
", "Bulverde, TX
", "New Boston, TX
", "Greenwood, MO
", "Peculiar, MO
", "Breme, IN
", "Manhei, PA
", "Dayton, MN
", "Windsor Heights, IA
", "Newton Falls, OH
", "Mocksvill, NC
", "North Bend, WA
", "Selma, TX
", "High Springs, FL
", "Orang, VA
", "St. Bernard, OH
", "Dumas, AR
", "Quitman, GA
", "Winfield, AL
", "Farmvill, NC
", "Edcouch, TX
", "West Milto, OH
", "Granite Fall, NC
", "Shelbyville, IL
", "Pea Ridge, AR
", "Austi, IN
", "Atlantic Highland, NJ
", "Winchester, IN
", "Dawson, GA
", "Lonoke, AR
", "Mount Vernon, MO
", "Telfor, PA
", "Marlow, OK
", "Flower Hil, NY
", "Ottawa Hill, OH
", "Chisholm, MN
", "Cobleskil, NY
", "Tulia, TX
", "North Hill, NY
", "Oak Ridg, NC
", "Glendive, MT
", "Ashland Cit, TN
", "Scottsville, KY
", "Rock Hill, MO
", "Manliu, NY
", "Hearne, TX
", "Hunters Creek Village, TX
", "Westlake, LA
", "New Lexingto, OH
", "Fountain Hil, PA
", "Sheridan, AR
", "Higginsville, MO
", "Mitchell, IN
", "Port Wentworth, GA
", "Sonora, CA
", "Montoursvill, PA
", "Bellair, OH
", "Valdes, NC
", "South Hil, VA
", "Madison, IL
", "Baxley, GA
", "Lexington, MO
", "Jessu, PA
", "Byron, MN
", "Charlero, PA
", "Glasspor, PA
", "Walkertow, NC
", "Elberton, GA
", "Daleville, AL
", "Devine, TX
", "Rockmart, GA
", "Wapato, WA
", "Algonac, MI
", "Nashvill, NC
", "Crystal City, MO
", "Scott City, MO
", "Parker, FL
", "Pinetop-Lakesid, AZ
", "Rocky Moun, VA
", "Tarentu, PA
", "Sebrin, OH
", "Midwa, NC
", "Hephzibah, GA
", "Portola Valle, CA
", "Ligonier, IN
", "Winona, MS
", "Willow Park, TX
", "Travelers Rest, SC
", "Paxton, IL
", "Surfsid, FL
", "Sunnyval, TX
", "Trenton, TN
", "Grambling, LA
", "Lyons, GA
", "Tuscola, IL
", "Philomath, OR
", "Wauchula, FL
", "Lake Alfred, FL
", "South Bay, FL
", "Jackson, GA
", "Jacksboro, TX
", "Prairie View, TX
", "Temple, GA
", "Eaga, AZ
", "Osawatomie, KS
", "La Verkin, UT
", "Winfiel, IN
", "Dansvill, NY
", "East Tro, WI
", "Sullivan, IN
", "Freebur, IL
", "Malden, MO
", "Breckenridge Hills, MO
", "Thomasville, AL
", "Lebanon, IL
", "Sellersvill, PA
", "Lamar, MO
", "St. Clair, MO
", "Barling, AR
", "Belleview, FL
", "Lake Halli, WI
", "Westvill, NJ
", "Bunkie, LA
", "Whitelan, IN
", "Whitevill, TN
", "Pocol, OK
", "Buckley, WA
", "Edwardsville, KS
", "South Barringto, IL
", "Smithville, TX
", "West Peoria, IL
", "Negaunee, MI
", "Pittsfield, IL
", "Greenbrier, AR
", "Cicer, IN
", "Point Pleasant, WV
", "Hokes Bluff, AL
", "Danvill, PA
", "Warrenton, OR
", "Del Mar, CA
", "Geneva, AL
", "Mount Pleasant, TN
", "Clay Center, KS
", "Ashdown, AR
", "Archbol, OH
", "Waverly City, OH
", "Dardanelle, AR
", "Viroqua, WI
", "Sullivan City, TX
", "Larksvill, PA
", "San Diego, TX
", "Fruitland, MD
", "Tillamook, OR
", "Ogallala, NE
", "DeWitt, MI
", "Adel, IA
", "Lafayette, TN
", "Luverne, MN
", "Hummelstow, PA
", "Hurstbourne, KY
", "Monongahela, PA
", "Sykesvill, MD
", "Chariton, IA
", "Edgefiel, SC
", "Ste. Genevieve, MO
", "Bellville, TX
", "Morgan's Point Resort, TX
", "Mauston, WI
", "Nibley, UT
", "Pilot Point, TX
", "Scottdal, PA
", "Garwoo, NJ
", "Slatingto, PA
", "Ottaw, OH
", "Lancaster, KY
", "Phoenix, OR
", "Hollywoo, SC
", "Marianna, AR
", "Coldwate, OH
", "Eldorado, IL
", "Oakwood, GA
", "Mount Ephrai, NJ
", "Ellisville, MS
", "Smithville, TN
", "Mount Oliv, NC
", "Goodland, KS
", "Hazlehurst, MS
", "Soldotna, AK
", "Sullivan, IL
", "Bristow, OK
", "Lawrenceville, IL
", "Berne, IN
", "Mount Pleasan, PA
", "Egg Harbor City, NJ
", "McRae, GA
", "Marine City, MI
", "Mahanoy Cit, PA
", "Strasbur, VA
", "Madisonville, TX
", "Beave, PA
", "Fort Gibso, OK
", "Benton, KY
", "Greendale, IN
", "Auburn, IL
", "Vine Grove, KY
", "Breese, IL
", "Kittannin, PA
", "Royersfor, PA
", "Barrington Hill, IL
", "Buchanan, MI
", "Prescott, AR
", "De Mott, IN
", "Bridgepor, PA
", "East Petersbur, PA
", "McLou, OK
", "Rogersvill, TN
", "Metter, GA
", "Anthon, TX
", "Angie, NC
", "Kingfisher, OK
", "Vandalia, MO
", "Madeira Beach, FL
", "Sayre, OK
", "Durye, PA
", "Green Tre, PA
", "Magee, MS
", "Magnoli, NJ
", "Byron, GA
", "Southampto, NY
", "Brookfield, MO
", "Jackson, CA
", "Oconto, WI
", "Amite Cit, LA
", "Jourdanton, TX
", "Kase, NY
", "Sparta, IL
", "Ridgefield, WA
", "Bluffto, SC
", "Wamego, KS
", "Northwoods, MO
", "Danielso, CT
", "Hudson, TX
", "Krum, TX
", "Canastot, NY
", "Baldwin City, KS
", "Butler, MO
", "Tonganoxie, KS
", "Morrison, IL
", "Chelsea, AL
", "Blancheste, OH
", "Waverl, NY
", "Wolverine Lak, MI
", "Jersey Shor, PA
", "Kenneth Cit, FL
", "Jenkintow, PA
", "Hartwell, GA
", "Newport, NC"]